"marker","A","B","chromosome","position","AxB0001","AxB0002","AxB0003","AxB0004","AxB0005","AxB0006","AxB0007","AxB0008","AxB0009","AxB0010","AxB0011","AxB0012","AxB0013","AxB0014","AxB0015","AxB0016","AxB0017","AxB0018","AxB0019","AxB0020","AxB0021","AxB0022","AxB0023","AxB0024","AxB0025","AxB0026","AxB0027","AxB0028","AxB0029","AxB0030","AxB0031","AxB0032","AxB0033","AxB0034","AxB0035","AxB0036","AxB0037","AxB0038","AxB0039","AxB0040","AxB0041","AxB0042","AxB0043","AxB0044","AxB0045","AxB0046","AxB0047","AxB0048","AxB0049","AxB0050","AxB0051","AxB0052","AxB0053","AxB0054","AxB0055","AxB0056","AxB0057","AxB0058","AxB0059","AxB0060","AxB0061","AxB0062","AxB0063","AxB0064","AxB0065","AxB0066","AxB0067","AxB0068","AxB0069","AxB0070","AxB0071","AxB0072","AxB0073","AxB0074","AxB0075","AxB0076","AxB0077","AxB0078","AxB0079","AxB0080","AxB0081","AxB0082","AxB0083","AxB0084","AxB0085","AxB0086","AxB0087","AxB0088","AxB0089","AxB0090","AxB0091","AxB0092","AxB0093","AxB0094","AxB0095","AxB0096","AxB0097","AxB0098","AxB0099","AxB0100"
"A_0001",1,2,"A",0,2,1,2,1,NA,2,1,2,1,2,1,1,1,1,NA,2,2,2,2,2,1,2,2,1,1,3,2,1,2,2,1,2,NA,2,1,2,2,2,1,2,1,3,1,2,NA,1,1,2,2,NA,0,1,1,1,2,1,2,2,2,2,1,NA,2,1,2,1,0,1,NA,2,1,NA,1,2,NA,1,2,2,0,2,2,2,2,1,1,1,2,1,2,2,1,2,2,1,0,1,3,2,2,0
"A_0004",3,3,"A",0.54,3,4,3,3,NA,3,4,4,4,3,4,4,3,4,4,4,4,4,3,4,3,NA,4,3,4,4,4,NA,3,3,4,3,4,4,4,3,4,NA,3,4,3,3,NA,3,4,3,1,3,4,3,3,4,4,4,4,3,3,4,3,4,3,4,NA,4,4,3,3,3,3,4,NA,3,3,4,4,3,4,3,3,4,4,4,NA,4,3,3,NA,3,4,4,3,4,4,3,3,3,3,3,NA,4
"A_0008",1,1,"A",3.16,1,NA,0,NA,0,1,1,NA,2,NA,2,1,2,2,1,2,1,0,1,1,0,1,1,2,NA,0,1,NA,1,NA,2,NA,1,2,2,1,1,0,2,1,1,0,2,NA,1,0,1,0,1,1,2,1,2,1,1,1,1,1,0,NA,1,1,1,NA,1,0,NA,2,0,0,1,0,1,4,1,2,2,0,1,NA,2,0,1,1,0,NA,0,2,0,1,0,1,1,NA,1,0,0,0,1,1
"A_0009",1,1,"A",4.6,1,1,2,1,1,1,1,2,1,1,2,1,1,1,1,NA,1,2,1,2,1,2,1,0,1,2,NA,1,1,1,0,1,2,1,1,2,1,2,0,2,NA,2,0,NA,1,1,1,2,1,2,0,1,1,1,1,0,1,0,NA,1,0,1,NA,0,1,1,0,0,2,1,0,1,0,2,1,1,2,1,0,1,2,2,1,NA,1,0,1,1,1,1,0,1,1,0,0,NA,2,1,1,NA
"A_0010",4,3,"A",5.57,4,NA,3,3,4,4,3,NA,NA,4,3,3,3,4,4,4,4,3,3,3,3,3,4,NA,NA,3,4,4,4,3,NA,3,3,3,4,NA,4,NA,4,3,4,3,4,3,4,3,3,3,3,3,4,4,4,4,4,4,NA,4,4,4,4,4,3,4,3,3,4,4,NA,NA,4,NA,4,3,4,3,3,3,NA,4,3,3,4,4,3,4,NA,3,4,3,4,3,3,4,NA,3,3,3,4,3
"A_0011",3,3,"A",7.26,3,3,NA,3,NA,3,3,2,NA,4,2,3,3,2,3,3,3,4,2,3,4,3,3,2,3,4,3,3,3,3,2,4,3,2,2,NA,3,4,NA,3,3,4,NA,4,3,4,3,4,3,4,2,3,2,3,3,3,NA,3,4,4,3,NA,3,NA,3,NA,3,2,4,3,3,4,3,3,3,NA,2,4,3,4,2,3,3,NA,3,4,NA,NA,4,3,4,3,3,4,3,4,4,4,3,3
"A_0012",1,2,"A",7.26,2,1,1,1,2,2,1,2,1,2,2,1,2,1,2,2,1,2,1,NA,2,2,2,1,2,3,2,NA,NA,2,1,NA,2,2,1,2,2,2,1,2,1,3,1,2,2,1,1,2,2,3,0,1,1,2,2,0,2,NA,2,2,1,1,2,1,2,1,0,1,3,1,1,2,1,2,1,1,NA,2,0,2,2,2,2,1,1,1,2,1,2,2,1,2,2,1,0,1,3,2,2,1
"A_0013",1,0,"A",7.26,1,0,0,0,1,1,0,NA,0,1,1,NA,1,1,1,1,0,1,0,1,1,1,1,0,0,1,1,1,1,0,0,0,1,NA,1,1,NA,1,0,1,0,1,NA,NA,1,0,0,1,0,1,0,1,1,1,1,0,1,0,1,1,0,1,NA,0,0,0,0,0,1,0,0,1,NA,1,1,0,NA,0,0,1,1,1,NA,0,0,0,1,0,2,0,0,0,NA,NA,0,0,1,0,1,0
"A_0014",3,3,"A",9.41,NA,3,3,3,4,3,3,2,2,4,2,3,3,2,3,3,3,NA,2,3,4,NA,3,2,3,4,3,NA,NA,3,2,3,2,2,2,3,3,4,2,3,3,4,2,3,3,NA,3,4,3,4,2,3,NA,3,NA,3,3,3,NA,4,3,NA,NA,2,3,4,3,2,4,3,3,4,2,3,3,2,2,4,3,4,2,3,3,3,3,4,NA,2,4,3,4,3,3,NA,3,4,4,4,3,4
"A_0015",1,1,"A",9.41,1,1,1,1,NA,1,1,2,2,0,2,NA,1,2,1,1,NA,0,2,1,0,1,1,2,1,0,NA,1,1,1,2,1,2,2,2,1,1,NA,NA,NA,1,0,2,1,1,0,1,0,1,0,2,1,2,1,1,1,1,1,0,NA,1,1,1,2,NA,0,1,2,0,1,1,NA,2,1,1,2,2,NA,1,0,2,1,1,1,1,0,4,2,0,1,0,1,1,0,1,0,0,0,1,NA
"A_0016",4,3,"A",9.41,4,3,NA,3,3,4,3,4,4,3,4,3,4,3,3,4,4,3,NA,4,3,4,4,4,3,4,3,3,4,4,4,4,3,4,3,4,3,3,4,4,3,NA,4,4,3,3,3,3,4,4,3,3,3,3,4,3,4,4,3,3,4,3,4,4,4,3,3,4,4,3,4,3,NA,4,3,4,4,4,3,3,4,4,4,3,4,3,3,4,3,4,3,4,4,3,3,3,4,4,4,NA
"A_0018",3,4,"A",12.01,3,4,4,4,3,3,4,3,4,3,3,4,3,3,3,3,4,3,4,3,NA,3,3,NA,4,3,3,3,NA,4,4,3,3,3,NA,3,3,NA,4,3,3,NA,4,4,3,NA,4,NA,4,3,4,3,3,3,3,NA,3,4,3,3,4,4,4,4,4,4,4,4,3,4,4,3,4,3,3,4,2,4,NA,3,3,3,3,4,4,4,3,4,3,4,4,NA,4,4,4,4,3,4,3,3
"A_0019",2,3,"A",12.01,3,NA,3,3,4,3,2,2,1,4,2,2,3,2,3,2,2,3,2,3,4,2,2,1,3,2,3,2,3,3,NA,3,NA,2,2,3,3,3,2,2,2,4,2,2,3,3,3,3,2,4,2,2,2,2,2,2,2,NA,3,3,3,2,2,1,2,3,NA,2,NA,2,2,4,2,2,2,NA,2,3,2,4,2,2,2,3,3,3,4,2,3,2,3,2,2,3,2,2,4,3,3,3
"A_0020",4,2,"A",12.34,3,3,3,3,2,3,3,4,4,2,4,3,4,3,2,3,0,3,NA,3,NA,4,3,3,3,3,2,3,3,NA,3,4,3,4,3,0,2,NA,3,4,NA,3,3,4,2,3,3,3,NA,3,3,NA,3,2,3,3,3,3,2,NA,3,3,NA,3,3,NA,3,0,3,3,0,2,3,NA,3,3,4,3,3,2,4,NA,3,2,3,NA,2,4,2,3,NA,3,3,2,3,3,3,3,4,3
"A_0022",2,4,"A",13.33,NA,2,3,3,4,4,3,3,2,4,3,2,4,3,3,3,3,3,3,4,4,NA,NA,2,3,3,3,3,4,3,2,NA,3,3,3,NA,3,3,3,3,3,4,3,3,3,NA,3,4,2,4,3,3,3,NA,3,3,2,3,3,NA,3,3,2,2,2,3,3,3,4,NA,3,4,3,3,2,3,3,3,3,4,3,3,3,3,3,NA,4,3,3,2,3,2,NA,3,3,NA,4,NA,4,3
"A_0024",1,2,"A",14.13,2,1,1,1,1,1,NA,NA,2,1,3,1,3,2,1,2,1,3,2,2,2,3,2,1,1,2,1,1,2,1,1,3,NA,NA,2,3,1,1,1,3,NA,2,1,2,1,1,1,2,1,NA,1,2,2,2,2,1,1,1,2,1,1,1,1,1,NA,1,1,1,2,1,1,1,1,3,1,1,3,1,1,1,3,3,2,NA,1,0,1,2,1,1,0,1,1,0,1,1,2,1,3,2
"A_0025",2,2,"A",14.13,1,3,2,NA,2,2,2,1,NA,2,NA,3,0,2,NA,2,2,1,1,1,1,0,2,3,2,2,3,2,NA,2,3,0,2,1,4,0,3,3,2,1,2,1,2,1,3,2,2,NA,3,1,2,2,2,2,2,2,3,2,NA,3,2,NA,3,3,3,2,2,2,1,3,NA,2,2,1,3,NA,1,2,2,2,1,1,2,NA,NA,3,NA,1,3,3,3,3,3,3,2,3,1,2,0,2
"A_0026",0,2,"A",14.13,1,1,1,1,NA,1,1,0,0,NA,0,1,NA,1,2,1,1,0,0,1,NA,0,1,1,1,1,2,1,1,1,0,0,1,0,NA,0,2,1,1,0,1,1,1,0,2,1,NA,1,1,1,1,1,1,1,1,1,NA,1,1,2,1,1,1,NA,1,NA,1,NA,1,1,1,2,1,0,1,1,0,1,1,2,0,0,1,2,NA,2,2,0,2,1,2,1,1,2,1,1,1,1,0,1
"A_0027",2,0,"A",15.33,2,NA,1,2,2,1,1,NA,0,2,1,0,2,1,1,1,1,1,1,2,2,2,1,0,1,1,1,NA,2,1,NA,2,1,NA,1,2,1,1,1,1,1,2,0,1,1,1,1,2,0,2,1,1,1,1,1,1,NA,1,1,1,1,1,0,0,0,1,1,1,2,0,1,2,1,1,0,1,1,1,1,2,1,1,1,1,1,1,2,1,1,0,1,0,0,1,1,0,2,1,0,1
"A_0028",3,3,"A",15.33,4,NA,4,NA,0,3,2,4,NA,3,4,2,4,3,3,3,3,3,4,3,3,4,3,3,2,4,3,2,NA,NA,3,4,3,4,3,4,3,3,4,3,3,4,3,3,3,2,3,3,3,4,3,2,3,2,3,3,NA,3,2,2,NA,2,3,3,3,2,2,4,4,2,3,4,3,3,2,4,4,3,2,3,4,NA,3,3,NA,2,3,NA,3,3,2,3,3,NA,2,2,4,3,3,2
"A_0029",3,2,"A",16.77,2,4,2,2,NA,2,2,2,2,3,2,3,1,3,3,3,2,NA,1,NA,2,1,3,3,2,3,4,2,2,2,3,1,3,2,3,1,4,NA,2,3,3,2,3,1,4,NA,2,2,3,2,2,3,3,NA,3,2,3,2,3,4,2,2,NA,3,3,2,2,2,2,3,2,2,2,NA,3,2,2,2,NA,2,2,2,3,3,2,3,3,1,NA,3,3,3,3,3,2,3,2,2,2,3
"A_0030",2,3,"A",16.77,3,NA,1,2,3,3,3,2,2,3,2,2,2,3,3,4,3,3,1,NA,2,2,4,NA,2,2,3,3,3,1,3,2,2,2,3,2,3,1,2,3,3,2,3,2,3,2,1,3,2,2,2,4,3,3,4,3,3,3,3,4,NA,3,2,NA,2,2,3,2,2,2,3,3,2,3,3,2,2,NA,3,2,2,3,4,2,NA,3,3,1,NA,2,3,2,2,3,3,2,2,3,2,3
"A_0031",0,2,"A",16.77,1,1,1,1,2,1,1,1,0,2,0,1,0,NA,2,1,1,0,0,2,1,NA,1,1,1,1,2,NA,1,1,1,0,1,0,1,0,2,1,1,1,NA,1,1,0,2,1,NA,1,1,1,1,1,1,1,1,NA,1,1,1,2,1,1,1,NA,1,1,1,1,1,1,1,1,1,0,1,1,0,1,1,1,NA,0,1,2,1,NA,2,0,2,1,2,1,1,2,1,1,1,1,0,1
"A_0032",1,1,"A",18.6,0,2,2,1,0,0,NA,1,2,0,2,2,1,1,0,0,NA,1,2,0,1,1,0,1,1,2,1,0,0,2,NA,1,1,NA,1,1,NA,2,1,1,1,1,1,1,1,1,NA,NA,2,1,1,0,1,1,0,0,1,0,1,0,2,1,2,1,2,1,0,1,1,2,0,0,1,1,1,1,2,2,0,1,2,2,0,1,1,2,0,2,1,2,0,2,2,0,0,2,NA,1,NA,1
"A_0033",2,4,"A",18.94,NA,3,4,3,3,3,NA,4,3,3,3,3,3,3,3,NA,3,2,4,3,NA,3,2,NA,3,3,3,3,3,NA,1,3,3,3,3,3,3,4,4,2,3,3,NA,3,3,3,4,3,3,3,2,NA,3,2,2,3,3,3,2,NA,4,NA,3,3,3,3,3,4,3,3,3,NA,4,2,3,4,3,4,1,3,3,3,2,4,3,3,3,4,NA,3,3,3,3,3,3,3,3,3,3,2
"A_0034",4,3,"A",20.45,4,4,4,3,3,4,NA,3,4,0,4,3,4,3,3,4,4,4,4,3,3,NA,4,4,3,4,3,3,4,3,3,1,3,4,3,4,3,4,NA,4,NA,4,4,4,3,3,NA,3,4,4,3,3,3,3,NA,4,4,NA,3,3,4,3,4,4,4,4,3,4,4,3,4,4,3,4,3,4,4,4,3,3,4,4,4,3,4,NA,3,4,3,4,3,4,4,3,3,3,4,4,4,3
"A_0037",2,4,"A",20.45,3,3,4,2,3,3,3,4,3,3,3,3,3,3,NA,2,3,2,4,NA,3,3,2,4,3,3,3,NA,3,4,3,3,3,3,3,3,3,4,4,2,3,3,3,NA,3,3,4,3,3,3,4,2,3,NA,NA,3,3,3,2,2,4,4,3,3,3,3,NA,4,3,3,3,3,4,2,2,4,3,4,4,NA,3,3,2,4,3,3,3,4,3,3,3,3,3,3,3,NA,2,3,3,2
"A_0038",0,1,"A",22.52,0,0,NA,NA,1,0,1,1,0,1,0,1,0,1,1,NA,0,0,1,1,NA,0,0,1,1,0,1,0,0,NA,1,0,1,0,1,0,NA,0,0,0,1,NA,NA,0,1,1,1,1,0,0,1,NA,1,1,0,0,0,0,1,NA,0,1,0,0,0,0,1,0,NA,1,0,0,1,0,1,NA,NA,0,1,0,NA,0,0,1,0,NA,1,0,1,0,1,0,0,1,1,1,0,0,0,1
"A_0039",4,3,"A",22.52,4,4,4,3,3,4,3,3,4,3,4,3,4,3,NA,4,4,4,3,3,3,NA,NA,3,3,4,3,NA,4,3,3,NA,3,4,3,4,3,4,4,4,3,4,4,NA,3,3,3,3,4,4,3,3,3,NA,4,4,4,4,3,3,4,3,4,4,4,NA,3,4,4,3,4,4,3,4,3,4,4,4,3,4,4,4,4,3,4,3,3,4,3,4,NA,4,4,3,3,3,4,4,4,3
"A_0040",3,4,"A",22.52,NA,4,4,3,3,4,NA,4,4,3,3,4,3,3,3,3,4,NA,4,3,3,3,3,4,4,3,NA,4,3,4,4,3,3,3,3,3,NA,4,4,3,3,3,4,3,3,4,4,3,4,3,4,3,3,3,3,4,4,4,3,3,4,4,4,4,4,4,4,4,3,4,4,3,NA,3,3,4,3,4,4,3,3,4,3,4,4,4,3,4,3,2,4,4,4,4,4,4,NA,4,1,3
"A_0041",3,3,"A",22.52,NA,2,3,2,4,NA,3,4,2,4,3,2,3,NA,4,3,3,2,4,4,3,3,3,4,2,3,4,3,4,3,NA,3,3,3,NA,3,4,3,4,2,4,3,3,3,4,2,3,NA,NA,3,4,3,4,2,3,NA,3,3,2,3,3,4,2,3,2,2,4,4,3,2,3,4,4,2,3,NA,3,3,3,3,NA,2,3,4,2,NA,4,NA,4,NA,3,2,NA,3,4,2,3,2,2,2
"A_0042",3,3,"A",24.07,4,2,3,2,4,3,3,4,3,4,NA,2,3,4,4,3,3,2,4,NA,3,3,3,4,2,3,4,3,4,3,NA,3,3,3,4,3,4,3,4,2,4,3,3,3,4,2,3,4,2,NA,4,3,4,2,3,3,3,3,2,NA,3,4,2,3,2,NA,4,4,3,2,3,4,4,2,NA,4,3,3,3,2,3,2,3,4,2,NA,4,3,4,2,3,2,2,3,2,2,3,NA,2,2
"A_0043",3,4,"A",24.88,3,4,4,3,3,4,4,4,4,3,3,4,3,3,3,3,NA,3,4,1,3,3,3,4,4,3,3,4,3,4,NA,3,3,3,3,3,3,4,NA,NA,3,3,4,3,3,4,4,3,NA,3,4,3,3,3,3,4,4,NA,3,3,4,4,4,NA,NA,4,NA,4,3,NA,4,4,4,3,3,2,4,4,4,NA,3,4,3,4,4,4,3,4,3,NA,4,NA,NA,4,4,NA,3,4,4,3
"A_0044",3,3,"A",24.88,3,3,3,4,4,3,3,NA,NA,4,NA,3,NA,2,4,3,3,NA,2,4,4,NA,3,3,3,3,3,NA,3,NA,3,3,3,3,2,3,NA,3,NA,4,2,4,2,3,2,4,3,3,3,4,NA,NA,NA,NA,0,3,2,3,4,4,3,2,3,2,3,3,2,2,4,3,3,2,2,3,3,2,2,NA,4,4,2,2,3,3,NA,NA,NA,2,3,NA,4,3,3,4,2,3,4,4,2,4
"A_0045",2,1,"A",24.88,NA,2,3,2,1,2,2,1,1,1,2,2,2,0,NA,1,2,2,1,1,2,NA,1,1,2,1,0,2,1,2,NA,2,NA,1,0,2,0,2,1,2,0,2,1,2,0,3,2,1,2,2,1,1,0,2,1,2,1,NA,2,NA,2,1,2,1,2,3,NA,1,2,2,2,1,1,2,1,1,2,2,2,2,1,2,1,1,3,2,1,2,0,2,2,NA,2,2,1,2,2,3,2,NA
"A_0046",2,1,"A",24.88,1,2,2,2,1,2,4,1,3,1,2,2,2,0,1,1,2,2,1,1,2,2,1,1,2,1,0,2,1,2,1,2,1,1,NA,2,0,NA,1,2,0,2,1,2,0,3,2,1,2,2,NA,1,0,2,1,NA,1,2,2,1,2,1,2,1,2,3,0,1,2,NA,2,1,1,2,1,1,2,2,2,2,1,2,NA,1,3,2,1,2,0,2,2,2,2,2,1,2,NA,3,2,2
"A_0047",1,1,"A",24.88,0,NA,1,2,NA,1,1,0,1,0,1,2,1,0,0,1,1,2,0,0,1,1,1,0,2,1,0,NA,0,1,1,1,1,1,NA,1,0,1,0,2,0,1,1,1,0,2,1,0,2,1,0,1,0,2,1,1,1,1,2,1,1,0,2,1,2,2,0,0,3,2,1,0,0,NA,NA,0,2,1,1,2,1,2,4,0,2,1,0,1,0,2,1,2,1,1,0,2,1,2,NA,NA
"A_0048",1,2,"A",26.44,NA,1,1,2,3,1,1,1,1,NA,1,1,2,2,2,2,1,1,1,3,2,1,2,2,1,2,NA,1,2,1,3,1,2,2,2,1,3,1,1,NA,2,2,1,NA,2,1,1,2,1,2,2,2,2,2,2,1,1,1,2,3,1,1,1,1,1,0,2,1,2,1,1,1,1,NA,2,1,0,1,1,2,1,0,2,2,1,2,3,0,3,1,NA,1,1,2,NA,1,2,1,0,2
"A_0049",1,1,"A",26.44,0,2,NA,2,0,1,1,NA,1,0,1,NA,1,NA,0,1,1,2,0,0,1,1,1,0,2,1,0,1,0,1,0,1,1,1,0,1,0,1,0,2,NA,1,NA,1,0,2,1,0,2,1,0,1,0,2,1,NA,1,1,2,1,1,0,2,1,2,2,0,3,1,2,1,0,NA,2,NA,0,2,1,1,2,1,2,1,0,2,1,0,1,0,2,1,2,1,1,0,2,1,NA,2,2
"A_0050",3,3,"A",26.44,4,2,3,2,NA,3,3,4,NA,4,3,2,3,4,NA,3,3,2,4,4,3,3,3,4,2,3,4,3,4,3,4,3,3,3,4,3,4,3,4,2,4,3,3,3,4,NA,3,4,2,3,4,3,4,2,3,3,3,3,NA,3,3,4,2,3,2,2,4,4,3,2,3,4,4,2,3,NA,2,3,3,2,3,2,3,4,2,3,NA,3,NA,NA,3,2,3,3,4,2,3,2,2,2
"A_0051",3,3,"A",27.94,3,3,3,4,4,3,3,2,2,4,NA,3,4,2,3,3,3,4,2,4,4,3,NA,3,3,3,3,3,3,3,3,3,3,3,2,3,3,3,NA,4,2,3,2,3,2,4,3,3,3,4,3,3,2,4,NA,3,2,3,NA,4,3,2,3,2,3,3,2,2,4,3,3,2,2,4,2,NA,2,3,3,4,2,2,3,3,4,4,4,1,NA,3,4,3,3,4,NA,3,4,4,2,4
"A_0053",3,3,"A",27.96,3,3,3,4,4,3,NA,2,2,4,NA,3,4,2,3,3,3,4,NA,4,4,3,1,3,3,3,3,3,3,3,3,3,NA,3,2,3,3,3,2,4,2,3,2,3,2,4,3,3,3,4,3,3,2,4,4,3,2,3,4,4,3,2,3,2,3,3,2,2,4,3,NA,2,2,4,2,2,2,3,3,4,2,2,3,3,4,4,4,2,NA,3,4,3,3,4,2,NA,4,4,2,4
"A_0054",1,1,"A",27.96,0,2,1,NA,0,NA,1,0,1,0,1,2,NA,0,0,1,1,2,0,0,1,1,1,0,2,1,0,1,NA,1,0,0,1,1,0,1,0,1,0,2,0,1,1,1,0,2,1,0,2,1,0,1,0,2,1,NA,1,1,2,1,1,0,2,1,2,2,NA,0,1,2,1,0,0,2,1,0,2,1,1,2,1,2,1,0,2,1,1,1,NA,2,1,2,1,1,0,2,1,2,2,2
"A_0055",1,1,"A",28.45,1,1,NA,0,NA,1,1,2,2,0,1,1,0,2,1,1,1,0,2,0,0,1,1,1,1,1,1,NA,1,1,1,1,1,1,2,1,1,1,2,0,2,1,2,1,2,1,1,1,1,0,1,1,2,0,0,1,3,1,0,0,NA,2,1,2,1,1,2,2,0,1,1,2,2,0,2,2,2,1,1,0,2,2,1,1,0,0,0,2,1,1,0,1,1,1,2,1,0,0,2,0
"A_0056",3,3,"A",28.66,3,3,3,NA,4,3,3,2,2,NA,3,3,4,2,3,3,3,4,2,4,4,3,NA,3,NA,3,NA,3,3,3,3,3,NA,3,NA,3,3,3,2,4,NA,3,2,3,2,3,3,3,3,4,3,NA,2,4,NA,3,NA,NA,4,4,3,2,3,2,3,3,2,NA,4,3,3,2,2,4,2,2,2,3,3,4,2,2,3,3,4,4,4,2,3,3,4,3,3,3,2,3,4,4,2,4
"A_0058",0,1,"A",31.14,0,0,NA,1,1,0,1,1,1,1,1,1,0,1,0,0,0,1,1,1,1,0,0,NA,1,0,1,1,0,1,1,NA,1,0,1,NA,1,0,0,0,1,0,0,0,1,1,1,0,0,0,1,1,1,1,1,0,0,0,NA,1,0,1,0,0,0,0,0,0,NA,1,0,0,1,0,1,0,0,0,1,1,0,0,0,1,0,1,1,0,0,0,1,0,NA,0,1,1,0,0,0,1
"A_0059",1,0,"A",31.14,0,1,1,0,0,0,NA,1,1,0,0,1,1,1,0,NA,0,0,1,0,0,0,0,1,1,1,1,0,0,1,1,3,1,1,1,0,1,0,1,0,1,0,1,0,1,1,1,0,1,0,0,0,1,0,0,NA,NA,0,NA,0,1,1,1,1,NA,0,1,1,NA,NA,0,1,1,0,1,3,1,NA,0,0,1,1,0,1,0,0,0,1,1,1,0,1,1,NA,1,0,0,0,NA,0
"A_0060",3,3,"A",33.13,4,2,3,2,4,3,3,4,3,4,4,NA,3,NA,4,3,3,3,NA,4,2,3,3,3,2,3,4,3,4,3,4,4,3,3,4,NA,4,2,4,NA,4,3,2,0,4,2,3,4,2,3,NA,3,3,2,3,3,3,3,NA,3,3,4,2,3,2,2,4,4,3,NA,3,4,4,2,3,4,2,2,3,2,3,2,3,4,NA,3,3,NA,3,2,3,2,3,NA,4,2,3,NA,2,2
"A_0061",2,1,"A",33.13,1,2,2,2,1,2,2,1,1,1,1,2,2,0,1,1,2,2,1,1,3,2,2,2,2,1,0,2,1,2,0,1,1,1,0,2,0,3,NA,2,0,2,2,2,0,NA,2,1,2,2,1,1,1,NA,1,2,2,2,NA,1,2,1,2,1,2,3,0,1,2,2,2,3,1,NA,1,1,2,3,NA,2,1,2,1,1,3,2,1,2,NA,2,2,2,2,2,0,3,2,NA,2,2
"A_0062",1,0,"A",33.13,3,0,1,0,1,1,1,1,0,1,1,NA,1,0,1,0,1,NA,1,NA,1,1,1,1,0,0,NA,1,1,NA,0,1,0,0,0,1,0,1,1,NA,0,1,0,1,0,0,1,1,NA,1,1,0,0,0,0,1,1,1,0,0,1,1,0,0,0,1,0,1,1,4,1,1,1,0,0,1,NA,NA,1,0,0,0,0,1,NA,1,0,1,0,0,1,0,1,4,0,1,NA,1,0,0
"A_0063",3,2,"A",33.13,3,NA,NA,3,3,3,2,1,1,3,3,2,3,1,3,3,NA,3,1,3,3,3,3,2,3,3,2,2,3,2,2,2,2,3,1,3,2,2,2,4,1,3,3,3,1,2,2,3,3,NA,3,2,1,3,3,3,3,3,3,3,3,1,3,3,3,3,2,NA,4,2,3,2,1,4,1,2,2,3,2,3,2,2,3,2,4,3,3,2,3,3,3,3,3,3,1,3,4,4,2,3
"A_0064",3,3,"A",34.11,2,3,3,NA,2,2,NA,4,4,2,2,4,3,3,2,2,3,3,4,2,4,3,3,NA,3,2,2,4,2,NA,2,4,3,2,3,3,2,3,3,NA,3,NA,3,3,3,4,4,2,3,2,2,3,4,3,2,3,3,3,3,2,3,NA,1,2,3,3,NA,3,2,4,4,3,4,2,4,3,NA,4,4,3,3,4,2,3,3,3,2,4,NA,3,3,3,3,3,3,4,2,3,4,3
"A_0067",1,2,"A",34.11,1,1,1,1,1,NA,2,NA,3,1,1,2,1,3,1,NA,NA,1,NA,1,1,NA,1,2,NA,1,NA,2,1,2,2,2,2,1,3,1,2,0,NA,0,3,1,1,1,3,2,NA,1,1,0,NA,2,3,NA,NA,1,1,1,1,NA,1,3,1,1,1,1,1,2,0,2,1,NA,3,0,3,2,2,1,2,1,2,2,1,2,0,1,1,NA,1,1,1,1,1,1,3,NA,0,0,2,1
"A_0068",1,1,"A",35.5,0,2,1,2,0,0,1,0,1,0,0,2,1,0,0,1,1,1,0,0,2,1,1,1,NA,1,0,1,0,1,0,1,NA,1,0,1,0,2,1,2,0,1,2,1,0,2,1,0,2,NA,0,1,1,2,1,1,1,1,2,NA,1,0,2,1,2,NA,1,NA,1,2,1,0,0,2,1,0,NA,2,1,2,1,2,1,NA,2,1,1,1,NA,2,1,2,1,1,0,2,1,2,2,2
"A_0069",1,1,"A",36.21,2,1,1,1,2,2,0,0,0,2,2,0,1,1,2,1,1,1,NA,2,NA,1,1,0,NA,2,2,0,2,2,2,NA,1,2,1,1,2,1,0,2,1,1,1,NA,2,0,0,2,1,2,2,1,0,1,2,1,1,1,1,2,4,0,1,2,1,1,2,1,2,0,1,NA,0,2,0,1,0,0,0,1,1,0,2,1,NA,1,2,0,2,1,1,1,1,1,1,0,2,1,0,1
"A_0070",1,1,"A",36.21,0,2,1,1,0,0,1,0,1,0,0,2,1,0,0,1,1,1,0,0,2,1,1,1,2,1,NA,1,0,1,0,1,1,NA,NA,1,0,2,1,2,0,1,2,1,0,2,1,0,2,NA,0,1,1,2,1,1,NA,1,2,1,1,0,2,1,2,2,2,0,1,2,1,0,0,2,1,0,2,2,1,2,1,2,1,0,NA,1,1,1,1,2,1,2,1,1,0,2,1,2,2,2
"A_0071",3,4,"A",36.21,3,4,3,4,3,3,3,3,4,3,3,4,3,4,3,3,3,3,3,3,3,3,3,3,NA,4,4,3,3,3,4,NA,NA,4,3,3,4,3,3,4,4,3,4,3,4,4,3,3,4,3,3,4,4,4,4,3,3,3,4,4,3,3,4,4,4,4,4,3,3,4,3,3,3,NA,4,3,4,3,NA,3,4,4,0,3,3,3,4,NA,4,4,3,4,3,NA,4,3,3,NA,4,4
"A_0072",3,3,"A",36.21,4,2,3,3,4,4,3,4,3,4,4,2,3,4,4,3,3,3,4,4,NA,3,NA,3,2,3,NA,3,NA,3,4,3,3,3,NA,3,4,2,3,2,4,3,2,NA,4,2,3,4,2,3,4,3,3,2,3,3,NA,NA,2,3,3,4,2,3,2,2,2,4,3,2,3,4,4,2,3,4,2,2,3,2,3,2,NA,4,2,3,3,3,3,2,3,2,3,3,4,2,3,2,2,2
"A_0073",1,1,"A",36.21,0,NA,1,1,0,0,1,0,1,0,0,2,1,0,0,1,NA,1,0,0,2,1,3,1,2,1,0,NA,NA,1,NA,1,1,1,0,1,0,NA,1,2,0,1,2,NA,0,2,1,0,2,1,NA,1,1,NA,1,1,1,1,2,1,1,0,2,1,2,2,2,0,1,2,1,0,0,2,1,0,2,2,1,2,1,2,1,NA,2,1,1,1,1,2,1,2,NA,1,0,2,1,2,2,2
"A_0074",3,0,"A",36.21,3,3,3,2,3,3,2,1,1,3,3,2,3,1,3,3,NA,3,1,3,3,NA,3,2,3,3,2,2,3,2,2,2,2,3,2,3,NA,4,2,NA,1,3,3,3,2,2,2,3,3,4,3,2,NA,3,NA,1,3,3,3,NA,3,1,3,NA,3,3,4,2,4,NA,3,2,1,4,1,2,2,3,2,3,2,2,3,2,4,3,3,0,3,3,3,NA,3,3,1,3,4,4,2,3
"A_0075",3,3,"A",37.65,4,2,3,3,4,4,3,3,3,NA,4,2,3,4,4,3,3,3,4,4,2,3,3,3,2,NA,4,3,NA,3,4,3,3,3,4,3,4,2,3,2,4,3,2,3,4,2,3,4,2,NA,4,3,3,2,3,3,NA,3,2,NA,3,NA,2,3,2,2,2,4,3,2,3,4,4,2,3,4,2,2,3,2,3,2,3,4,2,NA,3,NA,3,2,3,2,3,3,4,2,3,2,2,2
"A_0076",2,1,"A",38.75,3,1,2,1,3,3,1,1,0,3,3,0,2,1,3,1,2,2,1,2,1,2,2,1,1,2,NA,1,3,1,2,1,1,2,2,2,2,2,1,2,1,2,1,2,2,0,1,NA,1,3,3,1,0,1,2,2,2,2,1,NA,2,NA,1,2,1,1,NA,2,NA,0,2,2,1,2,1,2,0,1,1,1,1,0,2,2,2,NA,2,1,NA,NA,2,1,2,2,2,1,3,2,0,NA
"A_0077",1,1,"A",39.7,0,2,1,1,0,0,1,1,1,0,0,2,1,0,0,1,1,1,0,0,2,1,1,1,2,1,0,1,0,1,0,1,1,1,0,1,0,2,1,2,0,1,2,1,0,2,1,0,2,1,0,1,1,2,1,1,NA,1,2,1,1,0,2,1,2,NA,2,0,1,2,1,0,0,2,0,0,2,2,1,2,1,2,1,NA,2,1,1,1,1,2,1,2,1,1,0,2,1,2,2,2
"A_0078",2,2,"A",40.78,2,2,2,2,1,2,3,2,2,4,1,2,NA,1,2,3,3,2,2,1,3,2,3,2,2,1,0,3,2,2,0,3,1,1,2,3,0,3,3,2,1,3,2,3,0,2,3,2,2,2,1,1,2,2,1,3,NA,3,2,1,NA,2,NA,1,2,2,2,2,2,2,3,2,3,NA,2,2,3,NA,3,3,2,3,2,1,3,2,1,2,1,2,NA,2,2,3,1,3,2,3,3,4
"A_0080",2,2,"A",44.28,2,2,2,2,1,2,3,2,2,1,1,2,2,NA,2,3,3,2,2,1,3,2,3,2,2,2,0,3,2,2,0,3,1,1,2,3,0,3,3,2,1,3,2,3,0,2,3,2,3,2,1,2,2,1,1,NA,3,NA,2,1,2,2,2,1,NA,2,2,2,2,3,2,NA,2,2,2,NA,3,3,3,3,2,3,2,1,3,2,1,2,1,2,2,NA,2,3,1,3,2,3,3,2
"A_0081",4,3,"A",44.28,4,4,NA,3,3,4,3,4,3,3,3,3,4,3,4,3,4,3,3,3,3,3,NA,3,4,4,3,3,4,3,3,3,3,NA,3,4,3,4,3,4,3,4,4,4,3,4,4,4,4,4,3,3,3,4,3,4,4,NA,3,NA,4,3,NA,3,4,3,4,3,4,4,4,4,3,4,3,4,4,3,3,4,4,4,4,3,4,3,3,4,4,4,4,NA,4,NA,3,3,4,4,4,3
"A_0082",2,3,"A",44.28,2,2,2,3,2,NA,4,2,3,2,2,3,2,2,2,4,3,3,3,NA,4,3,3,3,NA,1,1,4,2,3,1,4,2,1,3,3,1,3,4,2,NA,3,2,3,1,2,3,2,3,2,2,3,3,1,NA,3,3,3,3,2,2,3,2,2,2,3,2,2,2,3,2,NA,3,2,NA,2,3,4,4,3,2,3,2,2,4,3,2,2,1,2,2,2,NA,NA,2,4,2,3,3,3
"A_0085",2,3,"A",44.71,2,2,2,3,2,2,4,2,3,2,2,3,2,1,2,1,NA,NA,NA,NA,4,3,3,3,2,1,NA,4,2,3,1,4,2,1,3,3,1,3,4,2,2,3,2,3,NA,NA,3,2,3,2,2,3,3,1,2,3,3,3,3,2,2,3,NA,2,2,3,2,2,2,3,2,2,3,2,3,2,3,4,4,3,2,3,2,2,3,2,2,2,1,2,2,2,2,3,2,4,2,3,3,NA
"A_0086",2,2,"A",44.73,2,2,2,2,1,2,3,2,2,1,NA,2,2,1,2,3,3,2,2,1,3,2,3,2,2,NA,0,3,2,2,0,3,1,1,2,3,0,3,3,4,1,3,2,NA,0,2,3,NA,3,2,1,NA,2,1,1,3,3,3,2,1,2,2,2,1,2,2,2,2,2,NA,2,NA,2,2,2,2,1,3,3,3,NA,3,2,NA,NA,2,1,2,1,2,2,2,2,3,1,3,2,3,3,2
"A_0087",3,3,"A",49.91,4,2,3,3,3,4,2,4,3,4,4,2,3,4,4,3,NA,3,NA,4,2,3,3,3,2,4,4,NA,4,4,4,4,3,3,4,3,4,2,2,2,4,3,2,3,4,2,3,4,2,3,4,4,3,3,4,3,3,NA,2,3,3,4,2,3,NA,2,2,4,3,3,4,4,4,2,4,4,2,2,4,2,3,2,3,3,2,3,4,NA,2,3,3,3,3,3,4,2,3,2,NA,2
"A_0088",2,4,"A",49.91,3,4,2,4,NA,NA,3,2,3,3,3,3,2,3,3,3,3,3,2,2,3,NA,3,2,3,3,3,3,3,2,NA,3,3,3,3,3,3,3,3,3,3,3,3,1,3,3,NA,3,3,NA,3,3,3,3,3,3,3,3,3,4,2,2,3,4,3,4,4,2,0,3,2,NA,2,4,2,2,3,3,3,2,3,3,4,3,3,3,3,NA,NA,3,3,2,2,NA,2,3,3,3,3,4
"A_0089",3,4,"A",49.91,4,4,3,4,4,4,4,3,NA,NA,4,3,3,3,4,4,4,4,NA,3,4,4,4,3,3,3,3,4,4,3,3,4,3,3,NA,4,NA,4,4,4,3,4,3,4,4,3,3,4,3,4,NA,4,NA,3,3,NA,4,4,3,4,3,3,3,4,3,NA,4,3,4,3,3,3,3,4,3,3,3,4,4,NA,4,3,NA,3,4,4,4,3,3,3,NA,3,3,4,3,4,4,4,NA,4
"A_0090",1,1,"A",49.91,1,0,NA,1,0,1,0,1,2,0,0,NA,1,2,1,1,1,NA,2,1,0,0,1,1,1,2,1,1,1,2,1,1,1,1,1,1,1,0,0,0,2,1,NA,1,0,1,2,NA,2,0,0,1,2,1,1,1,1,1,2,0,1,1,1,0,1,0,0,2,0,2,2,2,2,0,2,2,2,0,1,1,1,2,1,NA,0,0,0,1,1,1,2,1,1,1,NA,NA,NA,0,2,0
"A_0091",1,1,"A",51.47,0,2,1,1,1,0,2,0,NA,0,0,2,1,0,NA,1,1,1,0,0,2,1,1,1,2,0,0,2,0,0,NA,0,1,1,0,1,0,2,NA,2,0,1,2,1,NA,2,NA,0,2,1,0,0,1,1,0,1,1,1,2,1,2,0,2,1,2,2,2,0,1,1,0,0,NA,2,0,0,NA,2,0,2,1,2,1,1,2,1,0,0,2,1,1,1,1,1,0,2,1,2,2,2
"A_0092",2,2,"A",51.47,2,2,2,2,1,NA,3,1,2,1,1,2,2,1,2,3,3,2,2,1,3,2,3,2,2,1,0,4,2,2,0,2,1,2,2,3,0,3,3,3,1,3,NA,3,1,2,3,2,3,2,1,2,2,NA,0,3,3,3,3,1,3,1,2,1,2,3,2,2,2,NA,2,2,2,2,2,2,3,3,2,3,3,3,2,1,3,2,1,1,3,1,2,2,2,3,1,3,2,3,3,2
"A_0093",1,1,"A",51.9,0,2,1,1,1,0,2,0,1,0,0,2,1,0,0,1,NA,1,0,0,2,1,1,1,2,0,0,2,0,NA,0,0,1,1,0,1,NA,NA,2,NA,0,NA,2,NA,0,2,NA,0,NA,1,NA,0,1,1,0,1,1,1,3,1,2,0,2,1,2,2,2,0,1,1,0,0,0,NA,0,NA,2,2,0,2,1,2,1,1,NA,1,0,0,2,1,1,1,1,1,0,2,1,2,2,2
"A_0094",3,4,"A",52.39,3,4,3,3,4,NA,NA,3,4,3,3,4,3,4,3,3,3,NA,NA,4,3,3,3,NA,4,4,4,3,3,3,4,3,NA,3,3,3,4,3,3,3,4,3,4,3,3,4,3,3,4,3,3,3,4,4,4,3,3,3,4,4,3,3,4,4,4,4,4,3,3,4,3,3,3,4,3,3,4,3,3,4,3,NA,4,4,3,3,3,3,NA,4,4,3,3,3,3,3,3,3,4,4
"A_0096",3,2,"A",52.75,3,2,3,3,3,NA,2,4,2,4,4,NA,3,3,3,2,2,2,3,3,2,3,2,3,2,3,4,1,3,3,4,3,NA,NA,3,2,4,2,2,2,3,1,2,2,4,2,2,3,1,4,4,3,2,3,4,2,NA,2,1,3,2,4,2,NA,2,1,2,3,3,2,2,3,3,2,3,3,1,2,3,1,2,1,2,NA,2,3,4,4,2,3,2,3,3,2,4,2,3,2,NA,2
"A_0097",1,2,"A",52.75,1,2,1,NA,1,1,2,0,2,NA,0,2,1,1,1,2,2,2,1,1,2,1,4,1,2,1,0,3,1,1,0,1,1,1,1,2,NA,2,2,2,1,3,2,2,0,2,2,1,3,NA,0,1,2,1,NA,2,2,2,3,1,2,0,NA,1,2,3,2,1,1,2,2,1,NA,2,1,1,NA,NA,1,3,2,3,2,1,NA,1,0,NA,2,NA,2,1,1,2,0,2,1,NA,3,2
"A_0098",1,2,"A",52.75,1,2,1,4,1,1,2,1,2,0,0,2,1,1,1,2,2,NA,1,1,2,1,2,1,2,1,0,3,1,1,0,1,1,1,1,2,0,2,2,2,1,3,2,NA,0,2,2,1,3,1,0,1,2,NA,0,2,2,NA,3,1,2,0,2,1,2,3,2,NA,1,2,2,1,NA,2,NA,1,3,2,1,3,2,3,2,1,2,NA,0,0,2,1,2,1,1,2,0,2,1,2,3,2
"A_0100",3,2,"A",55.11,2,2,3,2,1,2,3,NA,3,1,1,3,3,2,2,3,3,2,3,NA,3,2,4,3,3,2,1,3,2,3,NA,NA,2,3,2,3,1,3,3,3,2,4,3,3,1,3,4,2,4,2,1,2,3,NA,1,3,3,3,4,1,3,2,3,1,3,3,3,3,2,3,3,3,3,2,3,3,NA,3,NA,3,3,4,2,2,3,2,1,2,3,2,3,3,3,3,2,4,2,3,4,2
"A_0101",2,2,"A",55.11,3,2,2,3,3,3,2,3,1,3,4,1,NA,2,3,2,2,2,2,1,2,3,1,2,1,2,3,2,NA,2,3,3,2,2,3,2,NA,2,2,2,2,1,1,2,4,1,1,3,0,3,NA,3,1,2,3,2,2,2,0,3,2,3,1,3,1,1,2,2,3,1,2,NA,2,2,2,2,0,2,2,1,2,NA,NA,2,2,3,4,3,NA,3,NA,2,NA,2,3,1,3,2,0,2
"A_0103",3,2,"A",56.99,2,2,3,NA,1,2,3,2,3,1,1,3,3,2,NA,3,3,2,NA,3,3,2,4,3,NA,2,NA,NA,2,3,1,2,2,3,NA,NA,NA,3,NA,NA,NA,4,3,3,NA,3,4,2,4,2,NA,2,3,NA,1,3,3,3,4,1,3,2,3,1,NA,3,2,NA,2,3,3,3,3,2,3,3,4,NA,2,3,2,3,NA,2,3,2,1,2,3,2,NA,3,NA,3,NA,4,2,3,4,2
"A_0104",3,3,"A",57.77,4,4,3,4,4,4,4,3,3,4,4,3,3,3,NA,4,4,4,3,3,NA,1,NA,NA,3,3,3,4,4,3,3,NA,3,4,4,4,3,4,4,4,3,NA,3,4,4,3,3,4,3,4,NA,4,3,NA,3,4,4,NA,3,4,4,3,NA,4,NA,4,4,3,4,3,4,3,0,4,3,3,3,4,3,NA,4,4,4,3,4,NA,NA,3,3,NA,3,3,3,4,3,4,4,4,3,NA
"A_0105",1,0,"A",57.87,0,NA,1,0,0,0,0,1,1,0,0,NA,1,1,0,NA,0,0,1,3,0,0,0,1,1,NA,1,0,0,1,NA,0,1,0,0,0,1,0,0,0,1,0,1,0,0,1,1,0,1,0,0,0,1,1,1,0,0,0,1,0,0,1,1,0,1,0,0,1,0,1,0,1,NA,0,1,1,NA,0,1,0,0,0,0,1,0,0,0,1,1,0,1,1,1,NA,1,NA,0,0,1,0
"A_0107",4,3,"A",59.21,4,4,4,3,3,4,3,3,NA,3,3,NA,3,4,4,3,4,NA,3,4,3,3,NA,3,4,4,NA,NA,4,3,NA,3,3,4,4,4,3,1,3,4,3,4,4,4,NA,NA,4,4,4,4,NA,3,3,4,3,3,4,4,4,NA,4,3,4,3,4,4,4,4,4,4,4,4,3,NA,3,3,4,NA,3,4,4,4,4,3,NA,NA,3,3,4,4,4,NA,4,4,3,4,4,4,4,3
"A_0108",2,2,"A",59.21,NA,3,1,2,4,2,2,2,2,3,3,2,2,2,2,2,2,3,2,2,2,2,1,1,2,2,3,3,2,1,3,2,2,2,2,1,3,2,2,2,2,2,2,1,NA,2,0,2,1,2,3,2,2,2,3,2,2,2,1,4,NA,3,2,4,2,2,3,1,2,2,NA,1,1,3,1,2,1,3,2,2,2,2,3,3,2,3,3,2,2,2,2,1,2,NA,2,2,2,2,1,3
"A_0109",3,3,"A",59.21,2,NA,3,NA,2,2,4,3,4,2,2,4,3,2,2,4,3,3,4,NA,4,3,NA,NA,NA,2,2,2,2,4,2,3,3,NA,2,3,2,3,4,3,NA,3,3,4,2,2,4,2,4,2,2,3,NA,2,2,4,3,3,4,2,3,2,3,2,3,3,2,3,2,3,3,3,4,2,4,3,4,3,3,3,2,3,2,3,4,3,2,3,3,2,3,3,3,3,3,NA,2,3,4,3
"A_0110",1,2,"A",59.25,3,2,1,1,2,3,1,1,1,2,2,0,1,NA,3,1,2,1,1,NA,0,1,1,0,1,3,2,2,3,1,2,2,1,1,3,2,2,1,NA,NA,2,1,1,1,2,NA,1,3,1,2,2,2,1,NA,2,1,2,2,1,2,1,2,NA,NA,1,2,2,2,2,2,2,2,1,2,1,1,1,1,2,2,2,2,3,1,0,1,2,1,1,2,2,1,1,2,1,2,2,1,1,1
"A_0111",3,3,"A",59.85,2,2,NA,3,2,2,4,3,4,2,2,4,3,2,2,4,3,3,4,3,4,3,4,4,3,2,NA,NA,2,4,2,3,3,3,2,3,2,NA,4,3,3,3,3,4,2,NA,4,2,4,2,2,3,4,NA,NA,4,3,3,NA,2,3,2,3,2,3,NA,2,3,2,3,3,3,4,2,4,3,4,3,3,3,2,3,2,3,4,NA,2,3,NA,2,3,1,3,3,NA,3,2,3,4,3
"A_0112",0,1,"A",60.09,NA,0,0,0,NA,1,1,0,1,0,0,0,0,1,1,1,1,0,1,1,0,0,1,0,0,1,0,NA,1,1,0,NA,0,0,1,1,0,0,0,0,1,NA,0,1,0,NA,1,1,1,0,0,1,1,NA,NA,1,1,1,1,NA,0,NA,0,0,NA,1,0,1,0,1,1,1,1,0,1,0,1,0,1,1,0,1,1,0,0,0,NA,0,0,0,1,0,0,1,NA,0,0,NA,1,NA
"A_0113",2,2,"A",60.62,3,3,3,3,2,NA,1,2,0,3,NA,1,2,2,3,1,2,2,0,1,2,3,2,2,2,2,2,3,3,1,2,3,2,3,3,3,2,3,2,3,1,3,2,0,3,3,NA,3,1,4,3,2,0,3,2,1,2,2,1,2,3,2,2,2,3,2,3,2,4,NA,2,2,NA,3,1,2,1,2,1,2,3,2,2,1,2,2,3,NA,2,4,1,3,2,2,NA,2,4,3,1,2
"A_0114",3,3,"A",60.97,3,4,3,4,4,3,3,3,2,4,4,3,3,2,3,3,3,4,2,2,4,4,3,3,3,2,NA,4,3,2,3,4,3,4,2,NA,3,4,4,3,NA,NA,3,2,4,3,2,3,2,NA,4,3,2,3,3,3,3,NA,2,4,4,2,3,4,4,3,4,2,4,2,3,2,2,4,2,3,2,4,2,3,4,3,3,3,4,4,4,3,3,4,2,3,3,3,4,4,4,4,2,4
"A_0117",3,2,"A",62.51,NA,2,3,2,1,2,3,NA,3,1,1,3,2,2,2,3,3,2,NA,3,3,2,4,3,3,2,1,2,2,3,1,1,2,3,2,NA,1,2,3,3,NA,4,3,3,1,2,4,2,4,2,1,2,3,2,1,3,3,3,4,1,3,1,3,1,3,3,2,3,2,3,3,3,NA,NA,3,2,4,NA,2,3,1,NA,2,2,3,2,1,NA,3,2,3,3,3,3,2,2,2,3,4,2
"A_0118",1,2,"A",62.65,2,2,1,2,3,2,1,2,1,3,NA,1,2,2,2,1,1,2,1,1,1,2,0,1,1,2,3,4,2,1,NA,3,2,1,NA,1,3,2,1,1,2,0,1,1,3,1,NA,2,0,2,NA,2,1,2,3,NA,1,1,0,3,1,3,1,3,1,1,2,1,2,1,1,1,1,NA,1,2,0,2,2,1,3,1,2,2,1,2,3,2,1,2,1,1,1,1,2,NA,NA,1,0,2
"A_0119",1,2,"A",62.91,NA,2,1,2,3,2,1,2,NA,NA,3,1,2,2,2,NA,1,2,1,1,1,2,0,1,1,NA,3,2,2,1,3,3,2,NA,2,1,3,2,1,1,2,0,1,1,3,1,0,2,0,2,3,2,1,2,3,1,1,1,0,3,1,3,1,3,1,NA,2,1,2,1,1,1,1,3,1,NA,0,2,2,1,3,1,2,2,1,2,2,2,1,2,NA,1,1,NA,2,2,2,1,0,NA
"A_0120",4,3,"A",63.91,3,4,4,4,4,3,3,4,3,4,NA,4,4,3,3,NA,3,4,3,3,4,4,3,4,4,3,NA,4,3,3,4,4,4,4,3,3,4,4,4,4,3,3,4,3,NA,4,3,3,3,4,NA,NA,3,4,4,3,3,3,3,4,4,4,4,4,4,3,4,3,4,3,3,3,3,4,3,4,3,4,3,3,1,NA,3,4,4,4,4,4,4,4,3,4,4,NA,NA,NA,4,4,3,4
"A_0122",3,3,"A",63.91,4,2,3,3,3,4,3,4,NA,4,4,2,4,4,4,3,3,2,3,NA,2,3,2,3,NA,4,4,2,4,4,4,4,3,2,4,3,4,2,NA,3,4,2,2,3,4,2,3,4,2,4,4,4,3,3,4,3,3,3,2,3,2,4,NA,3,2,2,2,4,3,3,3,NA,4,3,4,4,2,2,4,3,4,2,3,3,2,3,4,4,NA,3,3,1,2,3,3,3,3,2,2,2
"A_0123",2,1,"A",65.04,0,2,2,1,1,0,1,1,2,0,0,3,1,1,0,1,1,2,2,2,2,1,2,2,3,1,1,2,NA,1,1,0,2,2,1,1,1,NA,2,2,1,2,3,2,0,3,2,0,NA,0,0,0,2,2,NA,1,1,1,3,1,2,1,3,NA,NA,2,NA,1,1,2,NA,2,1,1,1,1,NA,2,1,1,0,2,1,2,2,1,NA,NA,3,1,2,3,3,1,1,NA,1,2,NA,2
"A_0124",1,1,"A",65.04,0,2,1,1,1,0,NA,0,1,0,0,2,0,0,0,1,NA,NA,1,1,2,NA,2,1,NA,0,0,2,0,NA,0,NA,1,2,0,1,0,2,2,1,0,NA,2,1,0,2,1,0,2,0,0,0,NA,1,0,1,1,1,2,1,NA,0,2,1,NA,2,NA,0,1,1,1,1,1,1,0,0,NA,2,0,1,0,2,1,1,2,1,0,0,NA,1,1,NA,2,1,1,1,1,2,NA,2
"A_0125",2,3,"A",66.27,NA,2,2,3,3,4,NA,3,2,4,4,1,3,3,4,3,3,2,2,2,2,3,2,2,1,3,3,2,4,3,3,4,2,2,NA,3,3,2,2,NA,NA,2,1,NA,4,1,2,4,1,4,4,4,NA,2,3,3,3,2,1,3,2,3,1,3,2,2,2,3,NA,2,3,NA,3,3,NA,3,1,2,3,3,4,2,3,2,2,NA,4,3,1,3,2,1,1,3,3,2,3,2,1,2
"A_0127",1,0,"A",67.24,1,0,1,1,0,1,NA,1,0,1,1,0,1,0,1,1,1,0,0,0,1,1,1,1,0,1,1,NA,1,NA,0,1,0,1,0,1,0,0,1,1,0,NA,0,0,1,0,1,1,0,NA,NA,1,0,0,0,1,NA,1,0,0,1,0,0,0,1,NA,0,1,1,0,1,0,1,0,NA,1,0,0,0,0,1,0,0,0,1,1,1,1,0,1,0,0,0,1,1,0,1,1,0,0
"A_0128",4,1,"A",67.78,2,3,NA,3,2,2,2,NA,2,2,3,3,2,2,2,2,2,3,2,2,3,3,3,3,3,2,2,3,2,NA,NA,2,3,3,2,3,3,3,3,1,2,3,3,2,2,3,3,2,3,2,2,2,2,3,2,2,2,3,3,NA,NA,2,3,2,3,3,3,2,3,NA,2,2,NA,2,2,2,3,3,2,2,2,3,NA,2,3,2,2,2,3,3,2,3,3,2,2,2,3,3,3,3
"A_0129",4,1,"A",67.92,2,3,3,NA,2,2,2,2,2,2,3,3,2,2,2,2,2,3,2,2,3,3,3,3,3,2,2,3,2,2,2,2,3,3,0,3,3,3,3,3,2,3,3,2,2,NA,3,2,3,2,2,2,NA,3,2,2,NA,3,3,2,3,2,3,2,3,3,3,2,3,2,2,2,2,2,2,2,3,NA,2,2,NA,3,2,NA,3,2,2,2,3,3,NA,3,NA,2,2,2,NA,3,3,3
"A_0130",2,1,"A",68.31,1,3,1,2,1,1,1,0,1,1,2,2,0,NA,1,1,1,3,1,1,2,2,2,1,2,0,1,3,NA,0,1,1,NA,2,1,NA,2,NA,2,1,NA,2,2,1,1,NA,1,1,2,1,1,1,1,NA,1,1,1,2,NA,NA,2,1,2,2,2,2,NA,0,2,NA,1,1,NA,2,0,0,2,NA,1,2,1,3,2,1,2,1,1,0,2,2,1,2,2,NA,1,NA,2,2,2,3
"A_0131",3,1,"A",71.23,1,2,3,NA,2,1,1,2,2,1,2,3,2,1,1,2,NA,2,2,2,3,2,3,3,3,2,1,2,2,2,1,1,2,3,2,2,2,2,3,3,1,3,3,2,1,3,3,1,3,NA,1,1,2,2,NA,2,2,3,3,1,3,1,3,1,3,NA,2,2,2,2,2,2,2,1,2,2,3,3,1,1,1,2,1,2,3,2,1,2,3,NA,2,NA,NA,2,NA,2,NA,3,3,2
"A_0132",0,1,"A",71.63,0,1,NA,1,0,0,0,0,0,0,1,1,0,NA,0,0,0,1,0,0,1,1,1,1,1,0,0,1,0,0,0,0,1,1,1,1,1,NA,NA,1,NA,1,1,0,NA,1,1,0,1,0,0,0,0,1,NA,0,0,1,1,0,1,0,1,0,1,0,1,NA,1,0,NA,0,0,0,1,0,1,1,NA,0,0,1,0,0,1,0,0,0,NA,1,0,0,1,0,0,0,1,1,1,1
"A_0133",2,4,"A",72.55,4,3,3,4,NA,NA,4,3,2,NA,4,2,3,3,4,3,3,3,NA,NA,3,4,3,3,2,3,4,3,3,3,3,4,3,3,3,4,NA,3,3,3,3,3,NA,2,NA,2,2,4,NA,4,4,4,2,3,3,NA,3,3,NA,3,3,3,3,3,3,3,3,3,NA,2,3,2,3,3,4,3,2,3,3,3,4,3,3,2,3,3,4,3,2,4,2,2,2,3,3,2,4,3,2,3
"A_0136",2,1,"A",74.49,1,2,2,1,1,0,0,1,2,0,NA,3,1,1,0,1,1,2,NA,NA,2,1,2,2,2,1,0,2,1,1,1,0,1,1,2,0,2,2,NA,2,1,2,2,2,0,3,3,0,NA,0,1,0,2,2,2,1,1,2,NA,1,NA,1,2,1,2,0,NA,0,1,2,1,2,1,1,1,NA,3,2,1,NA,NA,2,NA,2,2,1,0,1,3,1,2,2,3,1,1,2,0,2,3,2
"A_0137",1,3,"A",74.49,3,NA,NA,2,NA,3,3,3,2,3,NA,1,3,2,3,3,2,1,2,NA,NA,2,2,NA,0,3,3,4,3,3,2,3,2,2,1,3,1,1,2,2,2,2,2,2,3,1,1,3,1,3,3,3,2,1,1,NA,3,NA,1,2,2,2,1,2,NA,2,1,3,2,2,3,2,3,2,2,3,1,2,2,2,3,1,2,2,2,3,NA,3,1,NA,NA,NA,1,3,3,2,3,2,NA,1
"A_0139",3,3,"A",76.28,4,3,2,3,4,4,4,3,3,4,3,2,NA,3,4,4,4,3,3,3,3,3,3,2,3,3,4,3,3,3,3,4,3,3,NA,4,2,2,3,2,3,NA,2,3,4,2,2,4,2,3,NA,4,3,2,3,4,NA,3,2,4,3,3,3,4,3,3,3,4,3,3,4,NA,4,4,NA,3,2,3,NA,4,4,3,4,3,3,4,4,3,NA,3,3,3,2,4,4,3,4,3,2,3
"A_0140",3,4,"A",76.28,3,3,4,4,3,4,NA,4,3,4,4,3,4,4,4,3,3,3,3,3,3,4,3,4,3,4,4,3,4,4,4,4,4,4,4,1,4,4,3,4,4,NA,4,3,4,3,3,4,3,3,NA,4,3,4,3,3,3,3,3,3,NA,4,3,3,3,4,3,4,4,3,3,NA,3,3,4,4,3,3,NA,3,0,3,3,3,3,3,4,4,3,NA,3,3,3,3,3,3,4,3,3,3
"A_0141",3,1,"A",76.28,1,3,2,2,2,1,1,1,2,1,2,3,1,2,1,1,0,NA,2,2,2,NA,2,2,2,1,1,3,1,1,2,NA,2,2,3,1,3,3,2,2,2,2,2,2,1,3,3,1,3,3,1,1,NA,3,3,NA,1,2,3,2,2,2,3,2,2,2,3,1,2,2,1,2,1,2,2,1,3,2,2,2,1,3,2,2,2,1,1,1,3,2,2,2,NA,1,1,2,1,2,3,3
"A_0142",2,1,"A",76.29,1,2,2,1,NA,0,0,1,2,0,1,NA,1,1,0,1,1,2,2,2,2,1,2,2,0,NA,0,2,1,1,1,0,1,1,2,0,2,2,NA,2,1,2,NA,2,0,3,3,0,3,2,1,0,2,2,NA,1,1,2,3,1,2,1,2,1,2,1,2,0,NA,2,1,2,1,1,1,1,3,2,1,1,0,2,1,2,2,1,0,1,3,NA,2,2,3,1,1,2,0,2,1,NA
"A_0143",2,3,"A",76.29,3,2,2,4,3,NA,4,3,2,4,3,1,3,NA,4,3,NA,2,2,2,2,3,2,2,2,3,4,2,3,NA,3,4,3,3,NA,NA,2,2,2,2,3,2,2,2,4,NA,NA,4,1,2,NA,4,2,2,2,3,3,2,1,3,2,3,2,3,2,3,2,4,3,2,4,2,3,3,NA,3,1,2,3,3,4,2,3,2,2,NA,4,3,NA,3,2,2,1,3,3,2,4,2,1,2
"A_0144",3,4,"A",77.81,4,3,4,3,3,3,3,4,4,3,3,4,4,3,3,4,3,NA,4,NA,4,3,4,4,0,4,3,3,4,NA,3,3,3,NA,4,3,3,3,4,4,3,4,4,NA,3,NA,NA,3,4,NA,4,3,4,3,3,4,4,4,4,NA,4,3,3,3,4,3,3,3,3,4,4,4,4,3,3,4,4,4,3,3,4,3,3,4,NA,4,3,4,4,3,4,4,4,4,4,4,3,NA,4,3
"A_0145",1,1,"A",77.81,0,1,2,1,0,0,0,1,1,0,1,1,1,1,0,0,0,1,1,1,1,1,1,2,1,1,0,1,1,1,1,0,1,1,NA,0,2,2,1,2,0,1,2,1,0,2,2,0,2,1,1,0,1,2,1,NA,0,1,2,0,1,NA,1,0,2,1,NA,0,1,1,0,NA,NA,0,1,1,NA,1,1,0,0,1,0,1,NA,0,0,1,2,1,1,1,2,0,0,1,0,1,2,1
"A_0146",1,0,"A",77.81,0,1,0,1,1,1,1,0,0,1,1,0,0,1,4,0,1,1,0,0,0,1,0,NA,NA,0,1,1,NA,2,1,1,1,1,1,1,1,1,0,0,1,0,0,0,NA,0,NA,1,0,1,0,1,0,1,1,NA,0,1,0,1,0,1,1,1,0,1,1,1,1,0,0,0,0,1,1,0,0,0,1,1,0,1,1,0,0,0,1,0,0,1,0,0,0,0,0,0,1,0,0,1
"A_0150",3,3,"A",78.65,4,3,2,3,4,4,4,NA,3,4,3,3,3,3,4,4,4,3,3,3,3,3,3,2,3,NA,4,3,3,3,NA,4,3,3,NA,4,2,NA,3,2,4,3,2,3,4,2,2,NA,NA,3,3,4,3,2,3,4,3,3,2,4,3,NA,3,4,2,3,NA,4,3,3,4,3,4,4,3,3,2,3,NA,4,4,3,4,3,3,4,4,NA,2,4,3,3,2,4,NA,3,4,3,2,3
"A_0151",3,3,"A",81.17,4,3,2,3,4,4,NA,3,3,4,3,3,3,3,3,4,4,3,3,3,3,2,NA,3,3,3,4,3,3,3,3,4,NA,3,2,4,2,2,3,2,NA,3,2,3,NA,2,2,4,2,3,3,4,NA,2,3,4,3,3,2,4,3,3,3,4,2,3,NA,4,3,3,4,3,4,4,3,3,2,3,3,4,4,3,4,3,3,4,4,3,2,4,3,NA,2,4,4,3,4,3,2,3
"A_0153",3,3,"A",81.73,3,3,2,3,4,4,4,3,3,4,3,3,3,3,3,4,4,3,3,3,3,3,NA,3,3,3,4,3,3,3,3,4,3,NA,NA,4,2,2,3,NA,3,3,2,3,4,2,2,4,NA,3,NA,4,3,2,3,4,NA,3,2,4,3,3,3,4,2,3,3,4,3,3,4,3,4,4,3,3,2,3,0,NA,4,3,4,3,3,NA,4,NA,NA,4,3,3,2,4,4,3,4,3,2,3
"A_0155",1,1,"A",83.26,0,1,2,1,0,0,0,1,1,0,1,0,1,1,1,0,0,1,NA,1,NA,1,NA,1,1,1,0,1,1,2,1,0,1,1,2,NA,2,NA,1,2,1,1,2,1,0,2,2,0,2,1,1,0,1,NA,1,0,1,1,2,0,1,1,1,0,2,1,1,0,1,1,0,1,0,0,1,1,2,1,1,0,0,1,0,1,1,0,NA,1,2,0,1,1,2,0,0,1,0,1,2,1
"A_0156",3,1,"A",84.04,NA,3,2,NA,2,NA,1,1,2,1,2,NA,1,2,2,NA,2,3,1,2,2,NA,2,2,2,1,NA,3,1,2,1,1,2,2,3,1,3,3,2,NA,3,1,2,2,1,3,3,1,NA,3,1,1,2,3,3,2,2,2,3,2,NA,2,3,2,3,2,3,1,2,2,1,2,1,2,2,2,1,2,2,1,1,1,2,1,2,NA,NA,1,3,1,2,2,3,1,1,2,1,2,3,2
"A_0159",4,2,"A",84.89,3,3,3,3,2,NA,3,2,3,2,3,2,2,NA,4,3,3,NA,1,3,4,3,4,3,3,3,2,4,2,3,2,2,3,3,3,3,3,3,3,3,3,2,3,3,3,3,4,3,4,4,2,3,3,3,3,3,4,3,4,3,3,2,3,2,3,2,3,3,3,3,NA,3,3,3,4,2,4,3,3,NA,2,4,3,2,3,3,NA,3,3,3,3,2,3,3,3,2,2,3,4,3
"A_0160",1,2,"A",84.89,2,2,1,1,3,1,1,2,2,2,1,3,2,1,1,2,2,2,1,2,1,1,1,1,2,1,2,1,NA,1,2,2,1,1,NA,1,1,1,2,1,2,3,1,2,2,NA,1,1,1,1,2,1,2,1,NA,2,1,2,1,2,2,2,NA,3,2,2,2,1,1,2,2,2,2,2,0,2,1,2,1,1,3,1,2,2,2,2,3,1,1,1,2,3,2,2,2,3,2,2,NA,1
"A_0163",1,2,"A",88.18,2,2,1,NA,3,1,1,2,2,2,1,3,NA,1,1,2,2,2,1,2,1,1,1,1,2,1,2,3,2,1,NA,2,1,1,1,0,1,1,2,2,NA,3,1,2,2,1,1,1,1,1,2,1,2,1,2,NA,1,2,1,2,2,2,2,3,2,2,2,1,NA,2,2,3,2,2,0,2,NA,2,1,1,3,1,2,2,2,2,3,1,1,1,2,3,2,2,NA,3,2,2,1,1
"A_0165",1,2,"A",88.63,NA,2,4,1,3,1,1,2,2,2,1,3,2,1,1,2,2,2,1,2,1,1,1,1,NA,1,2,NA,2,1,2,4,1,1,1,0,2,1,2,2,NA,3,1,2,2,1,1,1,1,1,2,1,2,1,2,2,1,2,1,2,2,2,2,3,2,2,2,1,1,2,2,3,2,NA,0,2,1,2,1,1,3,1,2,2,2,2,3,1,1,1,2,3,2,2,2,3,2,2,1,1
"A_0167",1,2,"A",89.11,NA,2,NA,1,3,1,1,2,2,2,1,3,2,1,1,2,NA,2,NA,2,1,1,1,1,NA,1,2,NA,2,NA,2,2,1,1,1,0,2,1,2,NA,2,3,1,2,2,NA,1,1,1,NA,2,1,NA,1,2,NA,1,NA,1,2,2,NA,NA,3,2,2,2,1,1,2,2,3,2,2,0,2,1,2,1,1,3,0,2,2,2,NA,3,1,NA,1,2,3,NA,2,2,3,2,2,1,1
"A_0168",1,1,"A",89.27,1,1,1,NA,NA,0,1,NA,2,1,0,2,1,0,1,1,NA,2,1,NA,1,1,1,1,1,1,1,1,1,1,1,1,1,0,0,0,1,1,2,1,NA,2,0,2,2,0,1,0,1,1,1,1,2,1,NA,2,1,2,1,NA,NA,1,2,2,1,1,1,0,0,1,1,2,2,NA,0,0,1,2,1,NA,2,0,1,NA,2,1,2,1,0,0,1,2,1,1,2,NA,1,1,1,1
"A_0170",2,3,"A",91.26,3,3,1,1,4,1,3,2,3,NA,2,3,2,3,2,3,3,3,2,NA,2,2,2,2,2,2,3,3,2,1,3,3,2,2,2,2,3,2,2,3,3,3,NA,3,3,2,2,3,2,3,2,3,3,2,3,3,2,2,NA,4,2,3,3,4,2,2,3,3,NA,4,3,3,3,4,2,3,2,2,3,3,3,2,4,2,3,3,4,3,2,1,3,3,2,3,3,3,3,2,2,2
"A_0171",2,3,"A",91.6,2,3,2,3,2,3,2,NA,2,2,3,1,2,3,2,2,3,2,2,3,2,2,2,2,2,2,2,NA,2,2,2,2,2,3,4,3,3,3,1,3,3,1,3,2,1,NA,3,3,3,3,NA,2,2,3,2,1,2,1,NA,3,2,3,NA,3,3,3,3,3,3,NA,2,2,1,2,3,3,3,1,3,3,1,3,3,2,1,NA,2,3,4,3,3,2,NA,2,1,2,NA,2,3,2
"A_0176",2,3,"A",94.08,NA,2,2,3,3,4,4,3,2,NA,1,3,3,3,2,3,2,NA,2,2,NA,3,2,2,2,3,4,2,3,2,3,4,3,3,2,3,2,2,2,3,2,NA,2,2,3,2,1,4,1,2,3,NA,2,2,2,3,2,NA,1,3,2,3,1,3,NA,2,2,NA,3,3,3,2,3,NA,NA,3,1,2,3,4,3,3,3,3,3,NA,3,3,2,3,2,2,1,3,3,2,NA,2,1,3
"A_0177",2,2,"A",94.08,NA,1,1,1,1,1,1,1,1,1,0,NA,1,0,2,2,NA,1,1,1,2,1,2,NA,2,1,1,1,1,NA,0,1,1,1,0,1,NA,0,2,0,1,2,NA,1,2,0,1,1,1,1,NA,1,1,0,1,2,NA,2,1,1,2,0,1,1,1,0,1,1,1,1,2,NA,2,1,1,NA,1,1,0,1,2,1,1,1,2,2,1,1,0,1,1,1,1,2,2,1,1,2,1,1
"A_0180",3,3,"A",95.59,3,3,2,3,4,4,4,3,NA,4,2,4,NA,NA,3,4,3,3,3,3,3,3,3,3,3,3,4,3,3,2,3,4,3,3,NA,3,NA,2,3,3,NA,4,1,3,4,2,2,4,2,3,4,4,3,NA,3,4,3,3,2,4,NA,3,2,NA,2,2,3,4,3,4,4,3,4,4,3,3,2,3,3,4,4,3,4,NA,4,3,4,4,NA,4,3,3,2,4,4,3,4,3,2,NA
"A_0181",1,2,"A",97.24,1,2,0,2,2,3,2,NA,1,1,2,2,NA,2,1,3,2,1,1,2,1,1,2,1,1,1,2,2,1,NA,2,2,1,2,2,2,2,NA,1,2,NA,1,1,1,1,2,1,3,1,2,2,2,NA,1,1,1,1,0,1,NA,1,2,0,3,1,1,NA,3,1,3,2,1,1,2,2,2,1,1,1,3,1,2,3,1,1,1,2,2,2,3,2,1,1,NA,1,1,2,1,2,NA
"A_0183",2,3,"A",97.24,2,NA,2,NA,3,4,4,3,NA,3,2,4,2,3,2,3,2,2,2,2,2,3,2,2,2,3,4,2,3,2,3,4,3,3,2,3,NA,2,3,3,2,3,1,2,3,0,1,4,NA,2,4,4,2,2,2,3,2,2,1,NA,2,3,1,3,1,2,2,NA,2,3,3,NA,3,3,3,3,1,2,2,4,3,3,3,3,2,2,NA,3,2,4,2,2,1,3,3,2,3,2,2,3
"A_0184",3,4,"A",97.24,3,3,4,4,3,4,NA,NA,3,4,4,4,4,NA,3,3,3,3,NA,3,3,NA,3,3,3,4,4,3,4,4,4,4,4,4,4,4,4,NA,3,4,3,3,3,3,3,4,NA,4,3,3,4,4,3,4,3,NA,3,NA,3,3,3,4,3,3,3,NA,3,4,3,3,3,3,3,3,4,4,3,3,3,4,3,4,3,4,3,3,3,3,4,4,3,3,3,NA,3,3,3,3,3,4
"A_0185",2,2,"A",98.16,2,2,3,1,2,NA,1,2,3,2,2,1,2,2,2,2,2,3,3,2,2,NA,2,3,2,2,1,2,2,3,2,1,2,2,NA,1,2,3,2,NA,2,2,3,3,2,2,3,1,3,2,NA,1,3,3,3,2,2,NA,3,1,2,2,NA,1,3,3,2,0,NA,1,1,3,2,2,1,2,3,NA,3,NA,2,1,1,2,3,2,NA,2,2,0,2,NA,2,1,2,3,2,2,2,2
"A_0186",1,2,"A",99.38,1,1,3,1,1,0,1,NA,2,1,2,1,2,2,1,1,1,2,2,1,1,2,1,2,2,2,1,NA,2,2,2,1,2,1,2,NA,2,3,1,2,1,1,3,2,1,2,2,1,2,1,1,1,2,3,2,1,1,2,2,0,1,2,3,0,2,3,2,0,NA,0,0,2,1,1,1,2,3,NA,2,0,NA,1,0,2,NA,1,1,1,2,0,1,NA,2,0,1,2,1,1,0,2
"A_0187",3,3,"A",101.21,3,3,2,3,4,4,4,3,2,3,2,4,2,3,3,3,3,NA,3,3,NA,NA,3,3,3,3,4,3,3,3,3,4,3,3,2,3,2,2,4,3,3,4,2,3,4,2,2,3,2,3,4,4,3,2,3,4,3,3,2,4,3,4,2,4,2,2,NA,4,3,4,NA,3,4,4,3,3,2,3,3,NA,4,3,4,3,NA,NA,4,4,2,4,3,3,2,4,4,4,4,NA,1,NA
"A_0192",3,4,"A",104.77,3,4,NA,3,4,3,3,3,4,3,4,3,3,3,3,4,4,4,4,4,3,3,4,4,3,3,3,4,3,3,4,3,3,4,4,3,4,4,3,4,4,3,4,4,3,4,4,3,4,4,3,3,4,4,NA,3,3,3,4,4,3,4,4,4,4,4,4,3,3,NA,3,4,3,NA,3,4,4,4,4,4,4,3,4,3,4,4,4,4,4,3,NA,4,4,3,3,4,NA,NA,NA,3
"A_0193",1,0,"A",105.95,1,0,1,1,0,1,1,1,NA,1,0,1,1,NA,1,0,0,0,0,0,1,1,0,0,1,1,1,0,1,1,0,1,1,1,0,1,0,0,NA,0,0,1,0,NA,1,0,0,1,0,0,1,1,0,0,0,1,NA,1,0,0,1,0,NA,0,0,0,0,1,1,0,1,1,1,NA,1,0,0,0,0,0,0,1,NA,1,0,0,0,0,0,1,0,0,0,1,1,NA,0,1,NA,1
"A_0194",4,3,"A",108.15,4,3,4,3,3,3,4,3,4,3,NA,3,4,4,4,3,NA,4,3,3,4,NA,4,4,4,4,3,4,4,NA,4,4,4,3,3,4,4,4,4,3,3,3,4,4,3,3,4,3,4,4,3,4,4,4,4,4,4,4,3,3,3,3,4,3,3,4,3,3,3,3,NA,3,4,3,4,NA,4,4,3,4,3,4,3,3,4,4,3,4,3,3,3,3,3,3,4,3,3,3,3,4
"A_0195",2,3,"A",108.15,2,2,NA,3,NA,2,2,4,2,3,3,3,3,2,2,2,2,2,2,NA,2,3,1,2,NA,3,3,1,3,3,NA,2,3,3,2,NA,1,3,2,3,2,3,3,NA,3,3,2,3,2,1,3,2,2,NA,2,2,2,3,2,1,3,3,3,1,NA,3,3,2,3,2,2,NA,2,3,2,3,3,1,3,2,3,2,1,3,2,2,3,1,3,2,2,3,3,2,2,3,2,3,2,3
"A_0196",2,3,"A",108.15,2,NA,NA,3,2,2,2,4,NA,3,3,3,3,2,2,2,2,2,2,2,2,3,1,2,3,3,3,1,3,3,3,NA,3,3,2,3,1,3,2,3,2,3,NA,2,3,3,2,3,2,1,3,2,2,3,2,3,NA,3,NA,1,3,3,NA,NA,2,3,3,2,3,2,2,4,2,3,2,3,3,NA,3,NA,3,2,2,3,2,2,3,1,3,2,2,3,3,2,2,3,2,3,2,3
"A_0197",1,1,"A",108.17,1,1,0,1,1,1,2,0,NA,1,1,1,1,2,NA,NA,1,1,1,1,1,0,NA,1,0,1,1,NA,1,0,1,1,1,0,2,1,2,1,1,1,1,0,1,1,0,1,NA,1,1,2,1,2,1,1,1,NA,1,0,1,2,0,1,0,2,1,1,0,2,0,1,1,0,1,0,2,1,0,2,0,1,0,2,1,1,1,1,0,2,1,2,1,0,0,2,3,1,1,0,1,1
"A_0198",2,3,"A",109.31,2,2,4,3,2,2,2,4,2,3,2,3,3,2,2,NA,2,2,2,2,2,NA,1,2,3,3,3,1,3,3,3,2,3,3,2,3,1,3,2,3,NA,3,NA,2,3,3,1,NA,2,2,3,2,2,3,2,2,2,4,2,1,3,2,3,1,2,2,3,2,3,2,2,4,2,3,2,NA,3,1,3,NA,3,2,2,3,2,2,3,1,3,NA,2,3,3,2,2,3,2,3,2,3
"A_0199",2,0,"A",110.9,NA,1,1,1,1,2,1,1,1,1,0,1,1,1,NA,1,2,1,1,1,2,2,1,1,2,1,1,1,1,2,NA,2,1,2,0,1,1,0,2,0,1,2,1,NA,NA,0,1,NA,1,1,1,1,1,0,NA,2,2,1,1,1,2,0,1,NA,1,1,2,NA,NA,1,NA,1,2,2,1,0,1,1,1,1,NA,NA,2,1,1,1,1,2,0,1,1,1,1,NA,1,1,1,2,2,1
"A_0200",2,1,"A",112.18,2,2,0,1,2,2,2,0,2,1,2,1,NA,2,2,2,2,2,2,NA,2,1,3,2,1,NA,2,NA,1,1,1,2,1,1,2,1,2,NA,2,1,2,1,1,2,1,1,3,1,2,2,2,2,2,1,NA,NA,2,0,2,3,NA,NA,NA,3,2,2,NA,2,1,1,1,0,2,1,2,1,1,3,1,2,1,2,2,1,2,2,0,2,1,2,2,1,1,2,3,1,2,0,2,1
"A_0201",4,2,"A",112.18,NA,2,2,3,3,4,4,3,3,NA,3,3,3,3,3,3,3,2,3,4,3,2,3,2,2,NA,3,3,3,3,2,3,2,3,4,3,3,2,3,3,3,3,2,3,3,3,3,3,3,3,3,3,3,2,2,3,3,2,4,4,NA,3,2,4,4,2,NA,4,3,3,3,3,3,3,3,3,2,3,3,3,3,3,4,4,3,3,3,NA,3,4,3,3,3,NA,3,3,3,3,4,2
"A_0202",0,2,"A",112.18,NA,2,2,1,NA,0,0,1,1,0,1,1,1,1,1,1,1,2,1,0,1,2,1,2,2,NA,1,NA,1,1,NA,1,2,1,0,1,1,2,1,1,1,1,2,1,1,1,1,1,NA,1,1,1,1,2,2,1,1,2,0,0,NA,1,NA,0,0,2,NA,0,1,1,1,1,1,1,1,1,2,1,1,1,1,1,0,0,1,0,1,1,1,0,1,1,1,NA,1,1,1,1,0,2
"A_0203",3,4,"A",112.37,3,3,4,4,3,3,4,4,3,4,4,NA,NA,4,4,3,3,3,3,3,NA,3,3,3,3,4,4,3,4,3,4,3,4,3,4,NA,4,4,3,4,3,3,3,3,3,4,3,4,3,3,3,4,NA,4,NA,NA,3,4,3,3,3,4,3,3,3,3,3,4,3,3,3,NA,3,3,4,4,3,3,3,3,3,4,NA,4,3,3,4,3,4,NA,3,NA,NA,4,3,3,3,3,NA,4
"A_0204",1,1,"A",113.41,NA,0,1,1,1,1,1,2,1,2,1,1,2,0,0,1,1,0,1,2,0,NA,0,0,0,1,0,0,1,1,1,NA,0,1,2,1,1,1,0,2,1,1,1,1,1,2,1,1,1,1,1,NA,1,1,0,0,0,1,2,1,1,2,1,1,2,0,1,1,1,2,1,2,0,1,0,2,1,0,NA,1,NA,0,1,2,1,1,2,0,2,3,1,2,2,1,0,2,1,1,1,0
"A_0205",1,1,"A",115.12,1,1,0,1,1,1,2,0,1,1,2,1,0,2,2,1,1,1,1,1,1,0,2,1,NA,1,1,2,1,0,1,1,1,NA,1,1,2,1,NA,1,1,0,1,1,0,1,2,1,1,1,1,2,1,1,NA,1,1,0,NA,2,0,1,1,2,1,1,0,NA,0,0,0,0,1,0,1,1,0,2,0,NA,0,1,1,1,0,1,0,1,1,2,1,NA,NA,2,2,0,1,0,1,1
"A_0206",2,1,"A",115.12,2,1,1,1,2,2,1,2,2,2,1,1,2,0,0,2,2,1,2,3,1,1,1,1,NA,1,2,1,1,2,1,NA,0,2,3,1,1,1,1,2,2,2,2,2,2,2,2,1,2,2,2,0,2,1,1,1,1,1,3,2,NA,2,2,2,3,1,2,1,2,3,2,2,1,2,1,NA,2,1,3,2,3,1,2,2,2,2,NA,NA,2,1,2,3,NA,1,1,3,2,2,2,0
"A_0207",3,3,"A",115.12,3,4,3,3,3,3,3,2,NA,2,3,3,NA,4,4,3,3,4,3,2,4,4,4,4,4,3,NA,4,3,3,3,4,NA,NA,2,3,3,NA,4,2,3,3,3,3,3,2,3,3,3,3,3,4,3,3,4,4,NA,3,2,3,3,2,3,3,2,4,3,NA,3,NA,3,2,NA,3,3,2,3,4,2,3,2,3,3,2,3,NA,2,4,2,3,3,2,2,3,4,2,3,3,3,4
"A_0208",4,2,"A",115.99,3,NA,2,3,3,4,NA,3,3,4,3,3,3,3,NA,3,3,NA,NA,4,NA,2,3,NA,3,NA,3,3,3,3,2,3,2,3,4,3,3,2,3,3,3,3,3,3,3,3,4,3,3,3,3,3,3,2,2,NA,3,2,4,4,3,3,3,4,4,2,3,4,NA,3,3,3,3,3,NA,3,2,3,3,3,3,3,NA,4,2,3,3,3,3,4,3,NA,NA,4,3,3,3,NA,4,2
"A_0209",1,0,"A",119.12,1,0,1,0,NA,0,0,0,1,1,1,NA,NA,0,0,NA,0,0,0,1,0,0,0,0,0,1,1,0,NA,0,NA,NA,0,0,1,1,1,1,0,1,0,0,NA,NA,0,1,0,0,1,1,1,0,1,1,NA,0,0,1,1,NA,0,1,1,0,1,0,0,NA,0,1,0,1,0,0,0,1,1,0,1,1,1,1,0,1,1,1,1,0,1,0,1,1,NA,1,0,1,0,0,0,0
"A_0210",3,2,"A",119.12,3,2,1,2,3,3,3,2,3,3,3,2,2,NA,2,3,NA,2,3,3,2,1,4,2,2,2,3,3,NA,2,2,2,1,2,4,NA,2,2,2,3,3,2,4,3,2,3,4,2,3,3,NA,2,3,2,2,2,2,1,4,3,2,3,3,4,4,3,2,3,2,3,2,2,2,2,2,3,2,3,3,NA,3,2,3,3,2,3,2,2,3,3,3,3,3,4,3,3,3,2,3,1
"A_0211",2,1,"A",119.12,2,1,1,1,1,1,2,0,1,2,2,1,1,0,2,1,1,1,1,1,1,NA,2,1,1,2,2,2,2,0,2,1,1,NA,2,NA,2,2,1,2,1,1,2,2,0,NA,NA,1,NA,2,1,2,2,2,1,1,1,1,2,NA,0,2,2,2,2,1,0,2,0,1,NA,1,1,0,1,2,1,2,1,NA,1,2,1,2,1,2,1,1,2,2,4,1,NA,3,2,1,1,0,1,1
"A_0212",3,3,"A",120.39,3,NA,4,3,3,3,2,4,4,3,3,3,4,3,2,3,3,3,4,4,NA,4,2,3,3,3,3,2,3,4,3,3,3,4,3,3,3,3,3,3,3,3,3,3,4,3,2,3,3,3,4,2,3,3,NA,3,3,4,3,3,4,3,3,2,3,3,NA,2,4,4,4,4,3,4,3,3,4,2,3,3,4,NA,3,3,4,3,4,NA,3,NA,3,4,4,2,2,4,3,4,3,3
"A_0213",3,2,"A",120.39,0,2,1,2,3,3,3,2,3,3,3,2,2,2,NA,3,3,NA,3,3,2,1,4,2,2,2,3,3,NA,2,2,2,1,2,4,2,2,2,2,3,3,2,4,NA,NA,3,4,2,3,3,3,2,3,2,2,2,2,1,4,3,2,3,3,4,4,3,2,3,2,3,2,2,2,2,2,3,1,3,3,3,3,2,NA,3,2,3,2,2,3,3,NA,3,3,4,3,3,3,2,3,1
"A_0214",3,4,"A",120.76,3,4,NA,4,4,4,4,4,3,3,3,4,3,4,4,4,4,4,3,NA,4,4,4,4,4,3,3,4,3,4,NA,4,4,4,3,NA,3,3,NA,3,4,4,3,3,4,3,4,4,3,3,3,4,NA,3,4,4,4,3,3,4,4,3,3,4,3,4,4,4,4,3,NA,NA,4,NA,4,3,4,4,3,NA,3,3,NA,3,3,3,3,4,3,4,3,3,3,3,4,3,4,4,4,4
"A_0215",3,2,"A",121.34,2,2,2,3,2,3,4,NA,2,4,2,3,3,2,3,2,NA,2,2,2,2,1,3,NA,2,3,3,2,3,2,2,2,2,2,3,3,3,2,2,3,2,3,3,2,2,3,3,3,2,2,2,3,2,2,1,2,2,2,3,2,2,NA,2,3,3,2,2,NA,NA,2,2,3,2,2,3,3,1,2,NA,2,2,3,3,4,1,2,NA,2,3,4,2,2,2,4,NA,2,2,2,3,2
"A_0216",1,0,"A",121.9,1,0,0,0,0,0,0,0,NA,1,1,0,1,0,0,0,0,NA,1,1,0,0,0,0,0,1,1,0,1,0,4,0,0,0,1,NA,NA,1,0,1,NA,0,1,1,0,1,0,0,1,1,1,NA,1,1,0,NA,NA,1,1,0,0,1,1,0,1,0,0,0,0,1,0,1,0,0,NA,1,0,0,1,1,1,1,0,1,1,1,1,0,1,0,1,NA,1,1,0,1,NA,0,0,0
"A_0217",3,2,"A",123.59,3,1,1,2,NA,3,NA,NA,3,3,3,2,2,2,2,3,3,3,3,3,2,1,4,2,2,2,3,3,1,2,2,2,NA,2,4,NA,2,NA,2,3,NA,2,4,3,2,3,4,2,3,3,2,2,3,2,2,2,2,1,3,3,2,3,3,4,4,3,2,3,2,3,2,2,2,2,2,3,1,NA,3,3,3,2,3,NA,2,NA,2,2,NA,3,3,3,3,4,3,3,3,2,3,1
"A_0218",2,4,"A",124.03,NA,4,4,4,3,3,NA,3,2,NA,2,4,NA,3,4,3,NA,3,2,2,3,3,3,3,3,NA,3,3,3,3,3,3,4,3,2,3,NA,3,NA,3,3,4,2,2,3,NA,NA,4,2,2,2,4,2,3,NA,3,3,3,2,3,3,3,2,2,2,NA,3,4,3,NA,3,3,3,3,NA,3,NA,3,2,2,2,3,3,3,2,2,3,3,3,3,2,2,2,3,3,2,3,3,3,4
"A_0219",3,2,"A",124.42,3,1,1,2,3,3,3,2,3,3,1,2,2,2,2,3,3,3,3,NA,2,1,1,2,2,2,3,3,1,2,2,2,1,2,NA,2,2,NA,NA,3,3,NA,4,3,2,3,4,2,3,3,3,2,3,2,NA,2,2,1,3,3,2,3,NA,4,NA,3,2,3,2,3,2,2,2,2,2,3,2,NA,3,3,3,NA,3,3,2,3,2,2,3,3,3,3,3,4,NA,2,3,2,3,1
"A_0220",3,4,"A",125.18,3,4,4,4,4,4,4,NA,3,3,3,4,NA,4,4,4,3,4,3,3,4,NA,4,4,4,3,3,4,3,NA,3,4,4,4,3,3,4,NA,4,3,4,4,3,3,4,3,4,4,3,3,3,4,3,2,4,4,0,4,3,NA,4,3,NA,3,3,4,4,4,4,3,NA,3,4,4,4,3,4,NA,3,NA,3,3,4,3,3,3,4,4,3,4,3,NA,3,3,4,3,4,4,4,4
"A_0221",1,2,"A",125.18,1,3,3,1,1,1,1,2,1,1,1,2,2,NA,2,1,1,1,1,3,NA,3,0,2,NA,2,1,NA,3,2,NA,2,3,2,0,2,2,1,2,1,1,2,0,1,2,1,0,2,1,1,1,2,1,2,1,2,2,NA,1,1,2,1,1,0,0,1,2,1,2,1,2,2,2,2,2,1,2,1,1,1,1,2,NA,1,2,1,2,2,1,1,1,1,1,0,1,2,1,2,1,4
"A_0222",3,4,"A",127.1,3,4,4,4,3,3,4,3,3,4,3,4,4,NA,4,2,4,3,3,3,3,NA,3,3,3,4,4,3,4,3,4,3,4,3,4,4,NA,4,3,4,3,NA,3,3,3,4,NA,4,3,4,3,4,3,4,3,3,3,3,NA,3,3,4,3,3,NA,NA,4,4,3,3,3,3,3,3,4,4,3,3,3,3,3,4,3,NA,3,3,4,NA,4,3,3,3,NA,4,3,NA,3,3,3,3
"A_0223",1,0,"A",127.61,1,NA,0,0,1,1,0,1,1,0,NA,0,0,1,0,1,0,1,1,1,NA,1,1,1,1,0,0,1,0,1,0,1,0,1,0,0,1,0,1,0,1,NA,1,1,1,0,1,0,NA,0,1,0,1,0,1,1,1,NA,1,1,1,0,1,1,1,NA,0,0,1,1,1,1,NA,1,0,0,1,1,1,1,1,0,NA,NA,NA,NA,0,1,0,NA,1,1,1,0,NA,1,1,1,1,1
"A_0224",2,1,"A",127.61,2,1,1,1,2,2,2,1,2,1,2,NA,0,2,2,2,NA,2,1,1,2,1,3,2,1,1,1,3,NA,1,1,2,1,1,2,1,NA,1,NA,1,2,1,2,2,1,NA,3,1,2,1,1,2,1,1,2,2,2,1,1,2,1,1,2,2,2,2,NA,2,1,1,NA,1,2,1,1,1,1,3,2,2,1,1,2,1,1,2,1,2,1,2,2,1,1,2,3,1,2,1,2,2
"A_0225",4,2,"A",128.33,3,2,1,3,3,4,4,3,3,4,3,3,3,3,3,3,3,3,NA,NA,3,2,4,2,2,3,3,3,2,3,3,3,2,3,3,3,NA,3,NA,3,3,3,4,3,3,3,NA,3,3,3,3,3,3,2,3,3,3,2,NA,3,3,3,3,4,4,3,3,NA,3,3,3,3,3,3,3,NA,3,3,3,3,NA,3,4,4,2,3,3,3,3,4,NA,3,3,4,3,2,3,3,4,2
"A_0226",2,2,"A",130.08,2,1,1,2,2,2,3,1,2,3,2,2,2,1,3,2,3,2,2,2,1,0,3,1,NA,2,3,2,1,1,2,1,1,1,3,NA,NA,3,1,3,2,2,3,2,1,3,3,2,2,2,2,2,3,2,2,1,1,0,2,2,1,3,NA,NA,3,2,2,3,1,2,1,2,1,1,2,3,NA,2,2,2,2,2,2,3,1,1,2,1,3,3,2,2,2,4,2,1,2,1,2,1
"A_0228",4,3,"A",132.05,4,NA,4,3,3,3,3,3,4,3,4,3,3,4,3,NA,3,3,3,3,4,4,3,4,4,4,NA,4,4,3,3,4,4,NA,1,4,4,3,4,3,3,4,3,4,4,3,3,3,4,4,3,4,3,4,NA,4,4,4,3,3,NA,3,4,3,3,3,3,3,3,3,NA,3,4,NA,3,3,NA,4,4,4,3,NA,3,3,4,4,3,4,3,3,3,3,3,3,4,4,3,3,3,4
"A_0229",0,1,"A",132.05,NA,0,0,NA,1,1,1,1,0,1,0,1,1,NA,1,1,NA,1,1,1,0,0,NA,0,0,0,1,0,0,1,1,NA,0,1,NA,0,0,NA,0,1,1,0,1,0,0,NA,1,1,0,0,1,0,1,0,1,0,0,0,1,1,1,1,0,1,1,1,1,1,1,1,1,1,0,1,1,1,1,0,0,NA,1,0,1,1,0,0,1,0,1,1,1,1,1,1,0,0,1,1,1,0
"A_0230",0,1,"A",132.46,0,1,1,0,0,0,0,1,0,0,0,1,0,1,0,0,0,1,1,1,0,1,0,1,1,1,0,1,1,0,1,0,1,1,1,0,0,0,1,0,0,1,0,1,NA,0,NA,0,0,1,1,1,1,1,1,1,0,1,1,1,0,1,1,0,0,1,0,0,0,1,0,1,1,1,NA,1,1,1,1,0,1,0,0,1,NA,0,1,0,1,0,0,NA,0,0,1,1,1,0,0,1
"A_0232",1,2,"A",134.97,1,2,1,3,2,2,2,2,1,2,1,2,3,1,2,2,2,1,1,1,2,NA,1,1,2,1,NA,1,2,3,NA,2,2,2,0,2,NA,1,1,2,2,1,1,0,1,2,1,3,0,1,1,1,1,1,1,1,2,2,1,1,3,1,1,2,NA,2,3,2,3,1,2,1,NA,2,3,1,NA,4,0,1,1,2,1,2,2,NA,2,2,1,2,1,2,2,NA,0,1,2,NA,2,1
"A_0233",0,1,"A",134.97,0,1,3,0,0,0,0,1,0,0,0,1,0,1,0,0,0,1,1,1,0,1,0,1,1,1,0,1,1,0,1,0,1,1,1,0,0,0,NA,0,1,1,0,1,1,0,0,0,1,1,1,0,1,1,1,1,0,1,1,1,0,1,1,0,0,1,0,0,0,1,0,1,NA,1,0,1,1,NA,1,0,1,0,1,1,0,0,NA,0,1,0,0,0,0,0,1,1,1,0,0,1
"A_0234",3,3,"A",135.7,3,4,3,3,2,2,3,2,3,3,3,3,NA,3,3,2,3,2,2,2,4,3,2,3,3,4,3,3,4,NA,3,NA,4,2,4,4,3,3,3,3,2,4,2,3,3,3,2,3,3,4,2,NA,2,4,2,3,3,3,2,2,2,3,4,3,2,2,3,3,2,2,2,2,3,2,3,3,3,3,3,3,2,4,3,3,2,3,3,NA,3,3,2,2,2,3,3,3,3,2,2,3
"A_0235",4,3,"A",136.03,4,3,4,3,3,3,3,3,4,3,3,NA,NA,4,3,3,3,NA,3,3,4,4,3,4,4,4,3,4,4,NA,3,4,4,0,4,4,NA,3,4,3,3,4,3,4,4,3,3,3,4,4,3,4,3,NA,3,NA,4,NA,3,3,3,3,4,3,3,3,3,3,3,3,NA,NA,4,3,3,3,3,4,4,4,3,4,4,3,3,4,3,4,NA,3,3,3,3,3,4,4,3,3,3,4
"A_0237",3,3,"A",138.08,3,2,3,2,3,NA,3,4,3,3,3,3,2,3,NA,3,NA,NA,4,4,2,2,4,3,4,4,3,3,2,2,3,2,3,3,4,2,2,3,3,3,3,3,4,4,3,NA,4,2,NA,3,4,3,4,3,4,3,NA,2,4,4,2,NA,3,3,NA,3,2,NA,NA,4,3,4,4,2,2,4,3,4,4,NA,4,2,3,3,NA,3,3,2,4,3,4,3,3,3,4,NA,NA,NA,3,3
"A_0238",1,1,"A",138.17,1,2,NA,2,NA,1,1,NA,1,1,1,1,2,NA,1,1,1,0,0,0,NA,2,0,1,2,NA,NA,1,NA,2,1,2,1,1,0,NA,2,1,1,1,0,NA,0,0,1,1,2,2,0,NA,NA,NA,0,1,0,1,NA,2,0,0,2,0,1,1,0,NA,2,1,2,0,NA,0,1,2,2,0,1,0,NA,1,0,2,1,1,1,1,1,NA,0,1,0,1,1,1,0,1,1,2,1,1
"A_0239",3,0,"A",139.29,3,3,2,NA,3,NA,4,2,3,4,3,3,4,2,4,3,4,2,2,2,4,3,3,2,2,3,4,2,3,3,4,4,3,2,3,4,3,4,2,4,3,3,3,2,2,4,NA,4,2,3,2,NA,NA,2,2,0,3,2,NA,2,3,3,3,4,3,2,4,4,3,2,4,NA,2,NA,NA,3,3,2,2,3,2,4,2,3,3,3,3,3,2,4,3,3,3,4,3,2,3,3,3,2
"A_0240",4,3,"A",139.29,4,3,3,4,4,NA,4,3,4,4,4,3,4,3,4,4,4,3,3,3,NA,3,4,3,3,3,4,3,3,4,4,4,NA,3,3,4,4,4,3,4,4,3,4,3,3,4,4,4,3,3,3,3,3,NA,3,4,NA,3,3,3,NA,NA,NA,4,4,3,4,4,4,3,4,3,3,NA,4,3,3,3,3,4,3,4,3,3,4,4,3,NA,3,NA,4,4,4,4,4,3,3,4,4,3
"A_0242",1,1,"A",140.32,1,1,2,0,NA,1,0,NA,1,0,1,1,0,2,0,1,4,2,2,2,0,1,NA,2,2,1,0,2,1,1,0,NA,1,2,1,0,1,0,NA,NA,1,1,1,2,2,0,NA,0,1,1,NA,1,NA,2,2,NA,1,NA,2,2,1,1,1,1,1,2,0,0,1,2,0,2,2,0,0,1,1,2,2,1,NA,0,2,NA,1,1,1,1,2,0,1,1,1,0,1,2,1,1,1,2
"A_0244",0,1,"A",140.32,0,1,NA,0,0,0,0,1,0,0,0,NA,0,1,0,0,NA,1,4,1,0,1,0,1,1,1,NA,1,1,0,0,NA,1,1,1,0,2,0,1,0,0,NA,0,1,1,0,0,0,1,NA,1,1,1,1,NA,0,0,1,1,1,0,1,1,1,0,1,0,NA,0,1,NA,1,1,0,0,1,1,1,NA,0,1,0,1,1,0,0,1,0,1,0,0,0,0,0,0,1,1,NA,0,1
"A_0245",1,1,"A",141.77,1,1,2,NA,1,1,0,2,1,0,1,1,0,2,0,NA,0,2,2,2,0,1,1,2,2,0,0,NA,1,NA,0,NA,1,NA,1,0,NA,0,2,0,1,1,1,2,1,0,1,0,2,1,2,1,1,2,2,1,1,2,1,2,1,1,1,1,1,2,0,0,1,2,0,2,2,0,0,1,1,2,2,1,1,0,2,1,1,1,1,1,NA,0,1,NA,1,0,NA,2,1,2,1,2
"A_0246",3,3,"A",141.77,3,3,2,4,3,3,4,2,3,4,NA,3,4,2,4,NA,4,2,2,2,4,3,3,2,2,4,4,2,NA,3,4,4,3,2,3,4,3,4,2,4,3,3,3,2,3,4,3,4,NA,3,2,3,3,2,2,3,3,2,3,2,3,3,3,3,3,2,4,NA,3,2,4,2,2,4,NA,3,3,2,2,3,NA,4,2,3,3,3,3,3,2,4,3,3,3,4,3,2,3,2,3,NA
"A_0247",1,1,"A",141.89,1,1,2,0,1,1,0,2,1,0,1,1,NA,2,0,NA,0,2,2,NA,0,1,1,2,2,0,0,2,1,3,0,4,1,2,NA,0,1,0,2,0,NA,1,1,2,1,0,1,0,2,1,2,1,1,2,2,1,1,2,1,2,1,NA,1,1,1,2,0,0,1,2,0,2,2,0,0,NA,1,2,2,1,1,0,2,1,1,1,1,NA,2,0,1,1,1,0,1,NA,1,2,1,2
"A_0248",1,1,"A",142.45,1,1,NA,0,1,1,0,2,NA,0,1,1,0,2,NA,NA,0,2,2,2,0,1,1,2,NA,0,0,2,1,1,0,0,1,2,4,0,1,0,2,0,1,1,1,2,1,0,1,0,2,1,2,1,1,2,2,3,1,2,1,2,1,1,NA,2,2,2,0,NA,1,2,0,2,2,0,0,1,1,2,2,1,1,0,2,1,1,1,1,1,2,0,1,1,1,0,1,2,1,2,1,2
"A_0249",0,1,"A",143.76,0,0,0,1,1,1,0,1,0,1,0,1,0,0,0,1,NA,1,1,1,0,NA,0,0,NA,1,1,0,0,NA,1,0,0,1,0,0,0,NA,0,1,1,0,1,0,0,1,1,1,0,0,1,0,0,0,1,1,0,0,1,1,1,1,NA,1,0,1,NA,1,1,1,1,1,0,1,1,1,NA,0,0,0,1,0,0,1,1,1,1,0,1,1,1,1,0,0,0,0,1,NA,1,0
"A_0250",3,3,"A",144.34,3,2,3,2,3,3,2,4,3,3,3,3,2,3,2,3,3,4,4,4,2,2,3,3,2,4,3,NA,2,2,3,2,3,3,3,2,3,3,3,3,3,3,4,4,3,4,NA,NA,NA,3,4,NA,3,3,4,3,2,2,3,4,NA,4,2,4,4,3,2,3,2,4,NA,4,3,2,2,4,3,4,4,3,4,NA,3,3,3,3,3,2,4,3,4,3,3,3,3,3,3,2,3,3
"A_0251",3,3,"A",144.76,3,3,3,4,3,3,3,2,3,4,3,3,4,2,4,3,4,2,2,2,4,3,3,2,1,4,4,2,NA,3,4,3,3,2,3,NA,3,4,2,4,3,3,3,2,3,4,3,4,2,3,NA,3,3,2,2,3,3,2,3,2,3,NA,3,2,2,2,4,4,NA,2,4,2,2,4,4,3,3,2,2,3,3,4,NA,3,3,3,3,3,2,4,3,3,NA,4,3,2,3,2,3,2
"A_0252",3,2,"A",145.71,3,2,NA,1,2,2,NA,3,3,2,3,2,NA,3,2,2,2,3,3,3,2,2,3,3,1,3,2,2,2,1,2,3,NA,2,3,2,2,NA,3,2,2,3,3,4,3,3,3,2,4,NA,3,3,3,3,3,2,2,2,2,3,1,3,2,3,4,2,1,2,1,3,2,3,NA,1,1,3,2,4,4,3,3,2,3,2,2,3,NA,NA,3,2,3,2,3,3,3,NA,2,2,2,4
"A_0253",1,1,"A",145.75,1,1,2,0,1,1,1,2,1,0,1,NA,0,2,0,1,0,2,2,2,0,1,1,2,0,0,0,NA,0,1,1,1,1,2,1,0,1,0,2,0,1,1,NA,NA,2,0,1,NA,2,NA,2,1,1,NA,2,1,1,2,1,1,1,1,1,2,2,2,0,0,1,2,0,NA,2,0,0,1,1,2,2,1,1,0,2,1,1,1,1,NA,2,0,1,1,1,0,1,2,1,2,1,2
"A_0255",3,2,"A",147.37,NA,2,2,1,2,2,3,NA,3,2,3,2,2,3,2,2,2,3,3,3,2,2,3,3,1,3,2,2,2,1,2,3,3,NA,NA,2,2,2,3,2,2,3,3,4,3,3,3,2,4,3,2,NA,3,3,3,NA,2,2,2,3,2,NA,2,3,4,2,1,NA,2,3,2,3,3,1,1,3,2,4,4,3,NA,2,3,2,2,2,2,2,3,2,3,2,3,3,3,3,2,2,2,4
"A_0256",3,3,"A",148.39,3,3,NA,4,3,3,3,2,NA,4,3,3,4,2,4,3,4,NA,2,2,4,3,3,2,NA,4,4,2,4,3,NA,3,3,2,3,4,NA,4,2,4,3,3,3,2,2,4,3,4,2,3,3,3,3,NA,2,3,3,2,3,NA,2,3,3,2,2,2,4,4,3,NA,4,2,2,4,4,NA,3,2,3,3,3,4,NA,3,3,3,3,3,2,4,3,3,3,4,3,2,NA,2,3,2
"A_0257",0,1,"A",148.39,0,1,0,0,0,0,1,1,0,0,0,0,0,NA,0,0,0,1,1,1,0,NA,1,1,0,0,0,1,0,0,0,1,1,1,1,0,NA,0,1,0,0,1,0,1,1,0,0,0,1,1,1,1,0,1,1,0,0,1,1,1,NA,1,NA,1,1,1,0,0,0,NA,0,1,1,NA,0,NA,1,NA,0,0,1,0,1,NA,0,0,1,0,1,0,0,0,NA,0,0,1,1,1,0,NA
"A_0258",4,3,"A",148.39,NA,3,NA,4,4,4,3,3,4,4,NA,4,4,3,4,4,4,NA,3,3,4,3,3,3,4,4,4,NA,4,4,4,3,3,3,3,4,4,NA,3,4,4,3,4,3,3,4,4,4,3,3,3,3,4,NA,3,4,4,3,3,3,3,3,3,3,3,3,4,NA,4,3,4,3,3,4,4,3,3,3,4,4,3,4,3,3,NA,4,3,4,NA,4,4,4,4,4,4,3,3,3,4,3
